Year,Accelerated Actions,Current Trends
2025,16.35,16.35
2030,16.375,16.40833333
2035,16.4,16.46666667
2040,16.425,16.525
2045,16.45,16.58333333
2050,16.5,16.7