Region,Month,Slope,Intercept,Std Coef,Std Intercept,Slope in Original Units,Intercept in Original Units,Std Coef in Original Units,Std Intercept in Original Units,R-Value,P-Value,Scaler X Mean,Scaler X Scale,Scaler Y Mean,Scaler Y Scale
WY,Jan,0.19075371883261766,8.667428481033918e-16,0.1533060877946968,0.1533060877946968,1.3887657172181445,-5.418215736105926,1.116131524318698,15.968970122687976,0.19075371883261766,0.22046771740560114,14.305035770328166,0.26156118826349667,-2.6894769648822088,1.904273287242839
WY,Feb,-0.05376361922835965,-2.679507673866811e-16,0.15594788632725434,0.15594788632725434,-0.49354114663469695,-0.4006711418994551,1.4315758451137068,20.482166663052652,-0.05376361922835965,0.7320417880798289,14.305035770328166,0.26156118826349667,-1.169761638103443,2.401088517169729
WY,Mar,0.06656938826417204,2.895812575440093e-16,0.1558273369474997,0.1558273369474997,0.5249506078072304,3.5650913318252875,1.22881789027342,17.581222058913564,0.06656938826417205,0.671469119050972,14.305035770328166,0.26156118826349667,4.517368812153133,2.062610282864851
WY,Apr,-0.10507352367391236,-1.280821447031759e-15,0.15530925518750094,0.15530925518750094,-0.8027063656955605,10.701223794550858,1.1864808891090395,16.975488512330973,-0.10507352367391236,0.5024945368598523,14.305035770328166,0.26156118826349667,9.198143279881117,1.9981896818230696
WY,May,-0.24513645705698545,-1.6294315638411273e-16,0.15140867950614278,0.15140867950614278,-1.8063345344849553,18.075517639841166,1.1156836069843845,15.962561578199052,-0.2451364570569855,0.11310698289958487,14.305035770328166,0.26156118826349667,14.568831853029474,1.9273632853861609
WY,Jun,0.2379327731845887,2.244217045743033e-15,0.15168870526024356,0.15168870526024356,2.0373912203130775,17.97377310388999,1.298893095648145,18.58381793277644,0.23793277318458875,0.12443708087230776,14.305035770328166,0.26156118826349667,21.377409935228908,2.2397186457759535
WY,Jul,0.42753465582290956,1.4808137941807818e-15,0.1411809181874566,0.1411809181874566,2.902559137725229,20.098107176826197,0.9584859579832022,13.71346771644384,0.42753465582290967,0.004241523936500607,14.305035770328166,0.26156118826349667,26.21400572142786,1.7757550334889118
WY,Aug,0.1775085466389495,-7.423373976091648e-16,0.15369360681993313,0.15369360681993313,0.8811305641902212,22.667629263607864,0.7629161358924816,10.915366795701125,0.1775085466389495,0.25479766001333953,14.305035770328166,0.26156118826349667,25.206895372817,1.2983575255880615
WY,Sep,0.5257201849583162,1.7118515858167033e-15,0.13285039147590896,0.13285039147590896,3.7166392203120275,11.995236374697187,0.9392010988361031,13.437551005168928,0.5257201849583164,0.0002942341372164359,14.305035770328166,0.26156118826349667,19.51568242570944,1.8491368576395992
WY,Oct,-0.014711189326428328,1.14923044184726e-15,0.15615686148233987,0.15615686148233987,-0.11770280260104757,11.181304450999658,1.249395941688789,17.87564102395064,-0.014711189326428328,0.9254030155993234,14.305035770328166,0.26156118826349667,10.97086036146103,2.0927257631690286
WY,Nov,0.32711144798228536,1.6626486412758277e-15,0.14758198222690574,0.14758198222690574,3.2040996411766285,-1.9413699357127672,1.4455849198007042,20.682600474166193,0.3271114479822855,0.03226613011533451,14.305035770328166,0.26156118826349667,2.737971028557666,2.5620262287677185
WY,Dec,0.10793680401660466,4.1648461873673306e-16,0.15526135686348286,0.15526135686348286,0.8462444512241374,-4.391065955420244,1.2172776740271143,17.416111259306767,0.10793680401660469,0.4908551068892385,14.305035770328166,0.26156118826349667,-2.847026113027813,2.0506879580159243
ID,Jan,0.2723782033330415,1.1771135892700404e-15,0.1502688740102841,0.1502688740102841,2.051736876218696,-5.898065020056764,1.1319268075859301,16.194959982375693,0.2723782033330416,0.07721948989192969,14.305035770328166,0.26156118826349667,-2.0016850783198863,1.9702558016054605
ID,Feb,0.13957439870611366,6.251898245478417e-16,0.15464506862299363,0.15464506862299363,1.1673681014394346,-1.4489979917343505,1.2934157111112643,18.50545065426658,0.13957439870611368,0.3720385789917052,14.305035770328166,0.26156118826349667,0.5476187743786506,2.1876374935801612
ID,Mar,0.18696028125573927,1.1380131827468726e-15,0.15342002391273685,0.15342002391273685,1.283866032245559,2.8239083917517624,1.0535433304062687,15.073494117536455,0.1869602812557393,0.22995514104966594,14.305035770328166,0.26156118826349667,5.498381902745727,1.796154363428358
ID,Apr,0.0350315529949572,-8.519343399348303e-16,0.1560779034918422,0.1560779034918422,0.258026634158044,9.472938853968977,1.1495995084842874,16.447810857459917,0.03503155299495721,0.8235226513512977,14.305035770328166,0.26156118826349667,9.974066472651986,1.9265418533892487
ID,May,0.016569165034424467,3.3122970434391643e-16,0.15615232266104956,0.15615232266104956,0.11446792016856068,15.007962138643032,1.0787768464713843,15.434520802433799,0.01656916503442447,0.9160133549693128,14.305035770328166,0.26156118826349667,15.244984637144945,1.8069929990518554
ID,Jun,0.20317955931607506,1.155825395160679e-15,0.15291621065114547,0.15291621065114547,1.6453710361310945,18.149234469331645,1.2383327575236536,17.717355325943245,0.20317955931607512,0.1912954187088491,14.305035770328166,0.26156118826349667,21.055725333147613,2.1181520660515596
ID,Jul,0.49184088343606214,1.7171926281985069e-15,0.13597816766841414,0.13597816766841414,4.3979274087220945,20.00053538280281,1.2158853212829108,17.396190274290237,0.4918408834360623,0.0008089810817069933,14.305035770328166,0.26156118826349667,27.036336813665482,2.338819642006216
ID,Aug,0.4134454134018706,-3.227965141440323e-15,0.1422007246848671,0.1422007246848671,2.594441991099335,20.662900712720273,0.8923343186989767,12.767007977353995,0.4134454134018706,0.005855827102445637,14.305035770328166,0.26156118826349667,26.577252140512147,1.641342020193237
ID,Sep,0.4379984044475923,3.2704099979298383e-15,0.1403964246036795,0.1403964246036795,3.5376851343753946,14.471183966944373,1.133972953317737,16.224235062727747,0.4379984044475924,0.0033085631164160487,14.305035770328166,0.26156118826349667,20.736766809913846,2.1126130096669185
ID,Oct,0.037449861958530124,-3.8093985934626457e-16,0.15606420722435999,0.15606420722435999,0.29672219054280463,11.826387165996223,1.236525610807774,17.691499706525263,0.037449861958530124,0.8115535400249514,14.305035770328166,0.26156118826349667,12.36210878090685,2.07239772548336
ID,Nov,0.33626896301424075,1.163667778131731e-15,0.14707913785784835,0.14707913785784835,2.744921955507664,-1.5624043173169384,1.2005888116592225,17.177336582014867,0.33626896301424086,0.02747288708690745,14.305035770328166,0.26156118826349667,3.2479352270529342,2.1350916300376497
ID,Dec,0.18566981091635743,7.652907102734158e-16,0.1534582426172594,0.1534582426172594,1.3145981289122846,-4.990317243332349,1.0865305329669173,15.54545610467198,0.18566981091635745,0.23324540593792764,14.305035770328166,0.26156118826349667,-2.334303956703789,1.8519319160731351
MI,Jan,0.2564218158646944,1.1586057162783965e-15,0.15095208837281274,0.15095208837281274,2.464739968231188,-7.152714407468729,1.4509594054850656,20.759495534872208,0.2564218158646945,0.0969538691076618,14.305035770328166,0.26156118826349667,-3.4845911592317735,2.514139885785926
MI,Feb,0.049599444091652074,2.9751468420544295e-16,0.15598154168048056,0.15598154168048056,0.48527594242475475,-2.8705242823097104,1.5261076212868523,21.834673134254643,0.049599444091652074,0.7521119990390712,14.305035770328166,0.26156118826349667,-2.1610024603902356,2.559088200701631
MI,Mar,0.1923662513901933,1.242921805635895e-15,0.15325693596893888,0.15325693596893888,1.769680130725601,0.8408788981779449,1.4098926008075405,20.17193523159167,0.1923662513901933,0.21651782045017523,14.305035770328166,0.26156118826349667,3.5926850053186006,2.406241398861534
MI,Apr,-0.015271287262147996,-4.625734708764211e-17,0.15615555001229653,0.15615555001229653,-0.10994670702094374,10.907157485085273,1.1242528682864554,16.085165657310434,-0.015271287262148001,0.9225713340436974,14.305035770328166,0.26156118826349667,10.68870117454129,1.883128176452862
MI,May,0.05227441869365191,1.2433404109173984e-15,0.15596023454638036,0.15596023454638036,0.3887324604666376,16.72387357965511,1.1597796250105545,16.59346212983364,0.05227441869365191,0.739199868893899,14.305035770328166,0.26156118826349667,17.47166100894091,1.9450684831545328
MI,Jun,0.3056079581216331,2.0775405877455564e-15,0.14870200811647222,0.14870200811647222,1.6398213212585813,18.205978283694034,0.7979004372860823,11.415902128271842,0.3056079581216331,0.04627051894110022,14.305035770328166,0.26156118826349667,22.577711056320947,1.403476584721339
MI,Jul,0.23639157996574062,1.6372531448872246e-15,0.15174746519531213,0.15174746519531213,1.3563644241728596,21.859033470045475,0.870694562298539,12.457398745922445,0.23639157996574062,0.12696807399344864,14.305035770328166,0.26156118826349667,25.240623477259785,1.5007822637185406
MI,Aug,0.34254657381951037,1.763899457870988e-15,0.14672538184371267,0.14672538184371267,1.627179336122015,19.353719197323034,0.6969811630534638,9.972006995923735,0.34254657381951037,0.024541313205655488,14.305035770328166,0.26156118826349667,24.25386018881449,1.2424791056241493
MI,Sep,0.524638562052058,6.068512396243217e-16,0.13295463917533173,0.13295463917533173,2.9544545583918644,12.661110150053036,0.7487220120352637,10.71228540712373,0.524638562052058,0.00030439334086153737,14.305035770328166,0.26156118826349667,20.16608354670126,1.4729581484458267
MI,Oct,0.19646847019692965,9.350256060886339e-16,0.15312995757776382,0.15312995757776382,1.2524158437789699,10.248093356831708,0.9761484111692852,13.966171973134468,0.1964684701969297,0.2066913050014768,14.305035770328166,0.26156118826349667,13.05858185074044,1.667358512897794
MI,Nov,0.2665284684343112,9.713523016883914e-16,0.15052449565776943,0.15052449565776943,2.3094684833200243,2.0338805490487477,1.3042943619920957,18.661096155810128,0.26652846843431127,0.08405123094508316,14.305035770328166,0.26156118826349667,5.846579823812351,2.2664270136049645
MI,Dec,0.2514830299903101,1.19984378717348e-15,0.15115460391130248,0.15115460391130248,2.3941461935758404,-4.090986435377428,1.439008507292331,20.588508933364327,0.25148302999031014,0.10378921846168332,14.305035770328166,0.26156118826349667,-0.493512695735532,2.4900913723377402
RI,Jan,0.2678513594934714,1.3829565016526306e-15,0.1504672113393203,0.1504672113393203,1.9241254227565479,-0.9368400576736038,1.0808897411488598,15.464750888442335,0.26785135949347144,0.08246649470335887,14.305035770328166,0.26156118826349667,2.894783221011533,1.878939621198646
RI,Feb,0.2151981036098659,8.117076349538695e-16,0.15251467551959308,0.15251467551959308,1.400629146389217,0.10031251219740067,0.9926504750808718,14.20227404517985,0.21519810360986596,0.16578809976473965,14.305035770328166,0.26156118826349667,3.1787290820433194,1.7023859304550817
RI,Mar,0.27122837343909995,1.0942292721701096e-15,0.15031959201141265,0.15031959201141265,1.3936273881299834,1.66709916549966,0.7723731029440668,11.050671659874899,0.2712283734391,0.07852673940241665,14.305035770328166,0.26156118826349667,5.547030749473911,1.3439553945401612
RI,Apr,0.29254446530377,1.8816247851178948e-15,0.14934145976710234,0.14934145976710234,1.0820678632662528,5.584111275350599,0.5523864349969946,7.903228503495245,0.29254446530377004,0.05694993644117756,14.305035770328166,0.26156118826349667,9.768970315932556,0.9674664526767808
RI,May,0.24763020778529266,9.38959555666944e-16,0.15130967117158758,0.15130967117158758,0.9307163385970179,10.950882421375738,0.5686963008537392,8.1365807159331,0.2476302077852927,0.10937288976071519,14.305035770328166,0.26156118826349667,14.493241401558146,0.9830758276096933
RI,Jun,0.2544789850588612,4.5085061903134005e-15,0.15103225678427604,0.15103225678427604,0.918449089667435,15.825463278854013,0.5450958503384931,7.798918996907655,0.2544789850588613,0.09960018015033952,14.305035770328166,0.26156118826349667,19.46579426291783,0.9440097192991224
RI,Jul,0.4951693990871374,1.9652746136701683e-15,0.13568320943336584,0.13568320943336584,1.9386894123355294,16.03738856201128,0.5312274992055412,7.600498577747612,0.4951693990871374,0.0007358180177013793,14.305035770328166,0.26156118826349667,23.120804528324683,1.0240655163650505
RI,Aug,0.6837643957628753,1.856946520440814e-16,0.11396043933677161,0.11396043933677161,2.5639199964042216,13.377099474292748,0.4273188996460805,6.113833891999,0.6837643957628753,4.3263969677503366e-07,14.305035770328166,0.26156118826349667,23.158373614157505,0.9807792933175703
RI,Sep,0.6759851453523076,1.3005122707529404e-15,0.11508682652919679,0.11508682652919679,2.2839374637334755,10.70779946913426,0.38884155443273294,5.563322090544988,0.6759851453523078,6.543071087533381e-07,14.305035770328166,0.26156118826349667,20.377791153609504,0.8837315450508892
RI,Oct,0.48566144184128857,5.269142010788073e-15,0.13651882420979675,0.13651882420979675,2.00041412748317,8.710711618582579,0.5623139106561283,8.045265135146868,0.48566144184128857,0.0009622205692919373,14.305035770328166,0.26156118826349667,15.658115916391363,1.0773568809989504
RI,Nov,0.2538915780282721,7.955233490962576e-16,0.1510563670117487,0.1510563670117487,1.2349182523984525,7.175629969955853,0.7347319915552124,10.512124212681972,0.2538915780282722,0.10041110447507319,14.305035770328166,0.26156118826349667,10.80755807543535,1.2722229229267759
RI,Dec,0.24528744472852035,4.941407721343293e-16,0.1514027152395753,0.1514027152395753,1.9213982223811517,2.491701116748568,1.1859755326937664,16.968258162393738,0.24528744472852035,0.11287818218042446,14.305035770328166,0.26156118826349667,6.0005467876024445,2.0488745468795275
OR,Jan,0.31837297430569356,1.7530829424582933e-15,0.148047343221419,0.148047343221419,2.2972346518321083,-1.731446071124184,1.06824232710585,15.283798937367061,0.31837297430569356,0.0374635535073605,14.305035770328166,0.26156118826349667,2.822890714624532,1.8873066301046921
OR,Feb,0.23520719660579292,1.0713878244413017e-15,0.1517923464975757,0.1517923464975757,1.8776523910647995,1.6837176678399985,1.2117540043818964,17.337081759995808,0.23520719660579298,0.12893916695392285,14.305035770328166,0.26156118826349667,5.048365028724476,2.0880355603056784
OR,Mar,0.14376639760533064,5.752632861605048e-16,0.15455137459201898,0.15455137459201898,0.9907318678225053,6.536074407703898,1.0650539665355656,15.238181701783374,0.14376639760533066,0.3577034561689464,14.305035770328166,0.26156118826349667,8.592657868019375,1.8024865957172707
OR,Apr,0.13157022937303076,1.411042805322594e-15,0.15481612025653546,0.15481612025653546,0.9849181638139962,10.24995333405577,1.1589339747942196,16.58136305123523,0.13157022937303078,0.4003449225325659,14.305035770328166,0.26156118826349667,12.132070171547255,1.958014107728661
OR,May,0.11677205267896322,1.6097183335564094e-15,0.15510533696162443,0.15510533696162443,0.8233403410975026,14.98502873997491,1.0936219592809575,15.646916167817562,0.11677205267896322,0.455837401970663,14.305035770328166,0.26156118826349667,16.655457130522123,1.8442244785642274
OR,Jun,0.25632200406117633,1.0137088156587966e-15,0.15095622287676988,0.15095622287676988,1.8927171271934062,17.555737728586326,1.114681626892615,15.9482258213457,0.2563220040611764,0.09708848896212902,14.305035770328166,0.26156118826349667,21.222433165403654,1.9314039879199092
OR,Jul,0.49368019481769926,4.39557278463504e-15,0.13581550122067573,0.13581550122067573,4.071690269853831,19.748554123788548,1.1201556404744,16.026544870162166,0.49368019481769937,0.000767786925724016,14.305035770328166,0.26156118826349667,26.810666969758312,2.157259206270479
OR,Aug,0.5677662968515661,3.165108461226273e-15,0.1285606464232632,0.1285606464232632,3.0559599104435686,18.551741670713724,0.6919681279230885,9.900283362573434,0.5677662968515662,7.162061930897702e-05,14.305035770328166,0.26156118826349667,26.673658856362138,1.407833663064715
OR,Sep,0.3946543128437027,3.5482749523672843e-16,0.1434970870235372,0.1434970870235372,2.98794489272894,16.55945377910518,1.086422659881746,15.543912718398397,0.3946543128437027,0.00882091624857638,14.305035770328166,0.26156118826349667,22.20499784124863,1.9802910830409237
OR,Oct,0.09469173873784187,5.347053508304881e-16,0.15547201729358467,0.15547201729358467,0.7251195178895448,13.715423400374897,1.190555752042456,17.033789315614435,0.09469173873784187,0.5458451191751614,14.305035770328166,0.26156118826349667,15.069992110174294,2.0029532170418123
OR,Nov,0.3630605334983765,8.04717159148931e-16,0.14551733188330504,0.14551733188330504,2.5626539474901158,1.631649196714541,1.0271305486875468,14.695595175580836,0.3630605334983766,0.0167167918817355,14.305035770328166,0.26156118826349667,6.825243115203245,1.8462232872156907
OR,Dec,0.17601607454694357,4.976829911281061e-16,0.15373546661440357,0.15373546661440357,1.0689020246460705,-0.3516462191674994,0.9335974111854084,13.357376654099108,0.17601607454694362,0.2588786314750343,14.305035770328166,0.26156118826349667,2.1662700233792775,1.5883963122306688
GA,Jan,0.27235422467310394,1.0337041886611134e-15,0.15026993405386838,0.15026993405386838,2.0974885678067117,9.183241714767851,1.157277692833173,16.557665918259037,0.272354224673104,0.07724657597637741,14.305035770328166,0.26156118826349667,13.079278640916597,2.014367880003008
GA,Feb,0.19520347321255396,5.856605872942687e-16,0.1531694107560641,0.1531694107560641,1.4362323730108946,12.615061547043812,1.1269618447993606,16.12392414056719,0.19520347321255402,0.2096876453929097,14.305035770328166,0.26156118826349667,15.407454213841692,1.924467018566714
GA,Mar,0.25820181849116364,2.3443596526642217e-15,0.15087806584900915,0.15087806584900915,1.8348509750515085,15.784629076768597,1.072179769510083,15.34013360648357,0.2582018184911637,0.09457717049155229,14.305035770328166,0.26156118826349667,19.478215326248474,1.8587235524730916
GA,Apr,0.29371639707745056,-1.8075629523973357e-15,0.149285344557674,0.149285344557674,1.5324924836110954,19.252035750200974,0.7789101007786124,11.144199278114742,0.29371639707745056,0.05591781544559592,14.305035770328166,0.26156118826349667,23.453659316725815,1.364719705834118
GA,May,0.2981043115084903,7.071693828549543e-15,0.1490730561986016,0.1490730561986016,1.116779124647564,23.108152794076176,0.5584678610234386,7.99023806142248,0.29810431150849037,0.05218585407386544,14.305035770328166,0.26156118826349667,27.37254563349418,0.9798787323556206
GA,Jun,0.16890181395244877,-2.0997350733968956e-15,0.15392999495681206,0.15392999495681206,0.8492490306579275,27.907995413784356,0.7739697753811899,11.073515933948872,0.16890181395244883,0.2789288489978375,14.305035770328166,0.26156118826349667,30.324141904047448,1.3151462402472898
GA,Jul,0.12117187859481023,1.4290950698570083e-15,0.15502300189970272,0.15502300189970272,0.5525779725246931,29.829954229580547,0.7069486507746384,10.114616097225536,0.12117187859481023,0.4389179098159244,14.305035770328166,0.26156118826349667,31.56332228723717,1.1927928557177858
GA,Aug,0.22221229457864491,3.50418421538049e-15,0.15226915323780577,0.15226915323780577,0.9692204187087072,27.790421445182695,0.6641503465747003,9.502282491212831,0.22221229457864497,0.15209164483109178,14.305035770328166,0.26156118826349667,30.96917626773691,1.1408479665240636
GA,Sep,0.4158131652680465,6.068741029372104e-15,0.14203223711622034,0.14203223711622034,2.1047354103755764,22.704626716597613,0.7189293265417961,10.286028739200804,0.4158131652680466,0.005552096820973528,14.305035770328166,0.26156118826349667,28.652848919530395,1.3239530176087935
GA,Oct,0.49028869835372557,9.591752213951609e-16,0.13611481812726983,0.13611481812726983,2.3977855168506785,16.991210516557818,0.6656774684593375,9.524131675845764,0.49028869835372557,0.0008452681987180034,14.305035770328166,0.26156118826349667,24.0048078842955,1.2791802688790253
GA,Nov,0.10752188118145489,1.176061800908713e-16,0.15526837859616796,0.15526837859616796,0.6636397486644222,17.37747654860052,0.9583376575526819,13.711345918884536,0.10752188118145492,0.49253310578409604,14.305035770328166,0.26156118826349667,18.915580904994208,1.6143914088204552
GA,Dec,0.2865263601840682,1.0486319472098807e-15,0.14962576445346779,0.14962576445346779,2.539489671525713,10.476639034444194,1.3261365662119922,18.973601894606535,0.2865263601840682,0.062492832681265154,14.305035770328166,0.26156118826349667,14.575408866019222,2.318222782854713
IL,Jan,0.22155993882430317,1.0973433225937106e-15,0.15229233709948667,0.15229233709948667,2.112783335626656,-2.1609660348425317,1.4522513125560506,20.777979400768245,0.22155993882430317,0.1533293290236444,14.305035770328166,0.26156118826349667,1.0084568153108455,2.494233040243124
IL,Feb,0.05160069067951982,-3.77254750380407e-17,0.1559657067311004,0.1559657067311004,0.6035171727183426,2.5730216565293507,1.8241612879172378,26.099054162542114,0.051600690679519834,0.7424454543691003,14.305035770328166,0.26156118826349667,3.3111713824735207,3.0591968199427324
IL,Mar,0.19614447935127294,7.966550113496871e-16,0.1531400875669086,0.1531400875669086,1.944232709895496,7.326422130516693,1.5179625163480899,21.718137641278,0.196144479351273,0.20745586027251448,14.305035770328166,0.26156118826349667,10.132275923789047,2.5926593475531523
IL,Apr,0.1494225414935254,1.5391935938984567e-15,0.15442046686773467,0.15442046686773467,1.0832933872315067,14.772598114721447,1.1195276759381543,16.017560313504706,0.14942254149352546,0.33890061383068815,14.305035770328166,0.26156118826349667,16.910092915679673,1.8962835377454665
IL,May,0.08062377760025195,6.206411752830628e-16,0.1556653545179738,0.1556653545179738,0.5652054208090821,21.364594978248142,1.0912773480047329,15.613370813525913,0.08062377760025195,0.6072907123729614,14.305035770328166,0.26156118826349667,22.51792100075873,1.8336501449087543
IL,Jun,0.38575481278650264,6.607530537635932e-15,0.1440861213008158,0.1440861213008158,1.9302981320379633,21.85071080469903,0.7209998724072737,10.315652922680123,0.38575481278650287,0.010626210322057267,14.305035770328166,0.26156118826349667,27.368947200186195,1.3088393362394455
IL,Jul,0.05138617361886004,1.4405374190026173e-15,0.15596743415250947,0.15596743415250947,0.2961298508334072,28.342088102899805,0.8988140147002543,12.859715753806832,0.05138617361886004,0.7434797879052781,14.305035770328166,0.26156118826349667,29.07716915461789,1.5073330082676102
IL,Aug,0.12819355458784823,-1.3680263181015204e-15,0.15488519844270904,0.15488519844270904,0.7105501766925151,26.293296502838192,0.8584964000284802,12.282874431719264,0.12819355458784829,0.4126501555061769,14.305035770328166,0.26156118826349667,28.12710988674288,1.4497791962635003
IL,Sep,0.5182098201266108,3.654473496921336e-15,0.13356815948205272,0.13356815948205272,3.0262638645072606,17.19631155812661,0.7800170486744548,11.160036854144924,0.5182098201266108,0.00037157394989394355,14.305035770328166,0.26156118826349667,24.6093215715731,1.5274762107094104
IL,Oct,0.14060877619601395,1.6854291680294215e-15,0.15462221246233604,0.15462221246233604,0.8169615113566759,15.788198471108384,0.8983820199561917,12.853535020612949,0.14060877619601395,0.3684699139800466,14.305035770328166,0.26156118826349667,17.79961204421443,1.5197161191283588
IL,Nov,0.2122370472152523,1.4716117789720532e-15,0.15261584450790885,0.15261584450790885,1.9775063732677478,7.178476379798959,1.4219892763111377,20.345007531308955,0.2122370472152523,0.1718305331082616,14.305035770328166,0.26156118826349667,10.214534932001971,2.437081195659317
IL,Dec,0.28925067537548166,1.5607676251839722e-15,0.14949786251794642,0.14949786251794642,3.2931426608129084,-0.717814844618077,1.7020454251977306,24.351890391261286,0.28925067537548177,0.0599326738087512,14.305035770328166,0.26156118826349667,3.4199264132197684,2.977895579207524
MT,Jan,0.19015406978814223,9.194238124660626e-16,0.1533242562502994,0.1533242562502994,1.9072503712109412,-5.776664151042396,1.5378463630824717,22.002624323633174,0.19015406978814223,0.22194916959714847,14.305035770328166,0.26156118826349667,-3.0565033808495428,2.6234656663711196
MT,Feb,-0.10132776459643157,-5.089814969553242e-16,0.15536995064666959,0.15536995064666959,-1.4672056583795452,0.01859473208843787,2.2497256466562994,32.18778508888452,-0.10132776459643157,0.5179306845244636,14.305035770328166,0.26156118826349667,-1.4309025649909077,3.7873534165204976
MT,Mar,0.010561226178420516,-1.9285368791804557e-16,0.1561650518741901,0.1561650518741901,0.11621893477649518,4.3612678421922455,1.71848757630232,24.587135265204058,0.010561226178420518,0.9464100103689559,14.305035770328166,0.26156118826349667,4.512346560453077,2.8782986146977985
MT,Apr,-0.15965484949042896,-1.803442792222079e-16,0.1541705049955729,0.1541705049955729,-1.2776154656221725,12.611665733739065,1.2337277705863383,17.6514698122604,-0.15965484949042896,0.30647083389580115,14.305035770328166,0.26156118826349667,10.327797400872118,2.0931066008864905
MT,May,-0.16716857127085638,-1.4417790690341693e-17,0.1539761360017543,0.1539761360017543,-1.2287216176463205,18.250751462690044,1.131754644241485,16.192496767921337,-0.1671685712708564,0.28396363354396303,14.305035770328166,0.26156118826349667,15.859399070985791,1.9225257709231063
MT,Jun,0.11714659329802836,1.4559257483046957e-15,0.15509844833230738,0.15509844833230738,0.8776118197014269,19.410076469543654,1.1619307710254594,16.6242394940538,0.11714659329802836,0.45438349941822775,14.305035770328166,0.26156118826349667,21.085862677044034,1.9595037630433445
MT,Jul,0.3724107167019852,1.0166719924103074e-15,0.14493987467352926,0.14493987467352926,3.29297420024477,21.138139400737096,1.2816045470264468,18.336463288284108,0.37241071670198533,0.013921594090342914,14.305035770328166,0.26156118826349667,26.465488024412544,2.3128073551822905
MT,Aug,0.2816639578502609,-1.4539229898828711e-15,0.14985077250613693,0.14985077250613693,2.0404981923092813,21.942563169404057,1.0855852227194658,15.531931147469969,0.28166395785026094,0.0672780285217577,14.305035770328166,0.26156118826349667,25.971776161664245,1.8948648449854841
MT,Sep,0.4172979508298876,1.045212118708252e-15,0.1419259872586615,0.1419259872586615,3.811795849398683,13.7841963325552,1.296418753263692,18.548416460145557,0.4172979508298878,0.005368693827170973,14.305035770328166,0.26156118826349667,19.753658446061387,2.3892229755832677
MT,Oct,-0.0961782081758434,-8.670422636846523e-16,0.15544976070807306,0.15544976070807306,-0.7104834371584697,12.545040701615257,1.1483316479696404,16.429671035909323,-0.0961782081758434,0.5395304040932181,14.305035770328166,0.26156118826349667,11.169207993333748,1.9321933272549565
MT,Nov,0.25088751838011364,1.0808469974300122e-15,0.15117873875559806,0.15117873875559806,2.7307040285247037,-1.099639204492596,1.6454560737522825,23.542242385802194,0.25088751838011364,0.10463770852616289,14.305035770328166,0.26156118826349667,2.4893157202637948,2.846878135303254
MT,Dec,0.07316510057304719,3.5564782087681063e-16,0.155755191594807,0.155755191594807,0.7921048902499416,-4.284156634158298,1.6862472405253865,24.125859019932207,0.07316510057304718,0.6410266585725036,14.305035770328166,0.26156118826349667,-3.2375272533211996,2.831731176481488
LA,Jan,0.2215453703888739,8.235916782434349e-16,0.1522928540241174,0.1522928540241174,1.6872896996361992,10.815314296627982,1.159862485377385,16.594647648469607,0.22154537038887395,0.15335705296604707,14.305035770328166,0.26156118826349667,13.984528744791424,1.9920501972437805
LA,Feb,0.16068829678541757,9.562459519922367e-16,0.15414431559784117,0.15414431559784117,1.2463475522663099,13.699457468294701,1.1955904336809768,17.10582265479627,0.1606882967854176,0.30330948922344336,14.305035770328166,0.26156118826349667,15.998109301683208,2.0287485354046058
LA,Mar,0.2812312533979223,1.931505940231553e-15,0.14987059313175563,0.14987059313175563,1.7468300002127444,16.110910138942977,0.9309009758663007,13.318797603055033,0.2812312533979223,0.06771755196213897,14.305035770328166,0.26156118826349667,20.13393327853448,1.6246520435745604
LA,Apr,0.20421294372750978,4.890922966714683e-15,0.1528826326187594,0.1528826326187594,1.02415909759767,21.0367037532645,0.7667297488748368,10.969929784424071,0.20421294372750984,0.18899894211332954,14.305035770328166,0.26156118826349667,23.95797721805054,1.3117693014403697
LA,May,0.23922976563723658,2.9932439255489002e-15,0.15163894210190276,0.15163894210190276,1.0084114637125294,24.357413189165243,0.639194906007958,9.145234351163138,0.23922976563723658,0.122336640453063,14.305035770328166,0.26156118826349667,27.779603543933135,1.1025438243631593
LA,Jun,0.3344752446391137,8.007601680446348e-15,0.1471788617115993,0.1471788617115993,1.4301996848930694,25.93033656736985,0.629329569277889,9.004086767692728,0.33447524463911377,0.02836203637118471,14.305035770328166,0.26156118826349667,30.715016906221635,1.1184227682928618
LA,Jul,0.19408261728100326,2.630410164592252e-15,0.15320414705504,0.15320414705504,0.611889459094684,28.96237258630476,0.48301081253888506,6.910641861027027,0.19408261728100332,0.2123677546326189,14.305035770328166,0.26156118826349667,31.73873136890842,0.8246309548422349
LA,Aug,0.14542710840808237,2.3052380525655696e-15,0.15451347373090732,0.15451347373090732,0.677481454194904,29.812189090147022,0.7198108662257044,10.29864130373068,0.14542710840808243,0.35211831587262343,14.305035770328166,0.26156118826349667,31.892529077900033,1.2184994677089545
LA,Sep,0.4750477115668656,5.337816020570147e-15,0.1374266697352237,0.1374266697352237,2.1500140266221193,22.845809521045798,0.6219780884495588,8.898905993610768,0.4750477115668656,0.0012865718085708759,14.305035770328166,0.26156118826349667,29.641384027622347,1.1837973531787267
LA,Oct,0.548245550609908,2.1112126685502316e-15,0.13061083660980485,0.13061083660980485,2.1740794287631573,17.140170972097522,0.5179400593967918,7.4103895048563535,0.548245550609908,0.0001412853347865667,14.305035770328166,0.26156118826349667,24.982843184495515,1.0372264729442906
LA,Nov,0.19910435833974105,1.101090193299454e-15,0.15304689656618164,0.15304689656618164,1.185221069179283,16.730140635024078,0.9110519121496036,13.034808576180493,0.1991043583397411,0.20054425300095505,14.305035770328166,0.26156118826349667,19.57833560310231,1.5570117791218032
LA,Dec,0.315738449620007,2.23121233609265e-15,0.14818489039788443,0.14818489039788443,2.48578305714625,10.839908891296584,1.1666475537567662,16.691724517879663,0.3157384496200071,0.03915866087932137,14.305035770328166,0.26156118826349667,15.356558707178742,2.0592498980562586
MA,Jan,0.28606727958592,1.3246664413520979e-15,0.14964718764320226,0.14964718764320226,2.49260020635972,-3.442134287954206,1.3039261649935199,18.655828204192048,0.28606727958592,0.06293269885923981,14.305035770328166,0.26156118826349667,0.6500683792428474,2.279070408838798
MA,Feb,0.159009326256815,1.0474025997875222e-15,0.15418677572626738,0.15418677572626738,1.3235160348497863,-0.22690856959106487,1.2833754776491073,18.3618007485981,0.15900932625681502,0.30845613491204416,14.305035770328166,0.26156118826349667,2.047725530328455,2.177107688652096
MA,Mar,0.17576487633100427,4.732601750621114e-16,0.153742476179054,0.153742476179054,1.2673908967363903,3.615082469794826,1.108593587174352,15.861121638506653,0.1757648763310043,0.2595697633032912,14.305035770328166,0.26156118826349667,6.129405312877148,1.8860438778474733
MA,Apr,0.15206907775325323,-8.540138257221031e-16,0.15435744039295687,0.15435744039295687,0.8013148731353791,10.194708419353308,0.8133732024513312,11.637277583812399,0.15206907775325326,0.3303165148250272,14.305035770328166,0.26156118826349667,12.37006201617441,1.378274094162572
MA,May,0.0885300252588347,-4.755036515100723e-16,0.15556054696293206,0.15556054696293206,0.5503822681929568,17.035166222464177,0.9671042838683866,13.83677378348832,0.0885300252588347,0.5723907318509731,14.305035770328166,0.26156118826349667,18.301591400539863,1.6260996158853143
MA,Jun,0.1427278345220254,5.574519696140885e-16,0.15457485085989053,0.15457485085989053,0.6969225689314563,21.106837779147554,0.7547701015308793,10.798818005075198,0.1427278345220254,0.3612233759564639,14.305035770328166,0.26156118826349667,23.148564557406605,1.277171309070973
MA,Jul,0.29496481814117936,-3.3059633681576035e-17,0.14922529668983503,0.14922529668983503,1.4935492929031586,21.997993781888884,0.7555997279909228,10.810687824952844,0.2949648181411794,0.0548348853247303,14.305035770328166,0.26156118826349667,26.217476056386797,1.324410586468234
MA,Aug,0.5648024786895509,7.540373831901802e-15,0.1288786686039445,0.1288786686039445,2.4077326678347695,17.366230446651247,0.5494051324008632,7.860573734727402,0.5648024786895509,7.962193803476858e-05,14.305035770328166,0.26156118826349667,25.445750107475284,1.1150259451426026
MA,Sep,0.5587956759676876,3.4248534129343963e-15,0.1295157389926983,0.1295157389926983,2.4251614836745734,13.437310914177893,0.562095583847903,8.042141440312015,0.5587956759676878,9.838244845467573e-05,14.305035770328166,0.26156118826349667,21.43090304720037,1.1351700571095078
MA,Oct,0.28649966840681435,1.7446545341429579e-15,0.149627011061146,0.149627011061146,1.4926118212741373,11.171101989389989,0.7795298568187475,11.15306639231467,0.2864996684068144,0.06251834008651716,14.305035770328166,0.26156118826349667,15.269489994136627,1.3626868183115826
MA,Nov,0.1875101452797957,5.854968850097704e-16,0.1534036557437281,0.1534036557437281,1.2297621599336275,6.630329456760997,1.006078955075338,14.394401040209079,0.1875101452797957,0.22856287688091032,14.305035770328166,0.26156118826349667,9.312668792287905,1.7154167917354954
MA,Dec,0.23404151721862296,8.360957752384212e-16,0.1518362860498595,0.1518362860498595,2.0767173845180764,0.18551649563605865,1.347286834351936,19.27620780856436,0.23404151721862296,0.13090139384809424,14.305035770328166,0.26156118826349667,3.5334887711903353,2.3209073041284607
NE,Jan,0.2254241043267962,9.890673879634607e-16,0.1521539635183807,0.1521539635183807,2.235840097603559,-2.301451089721845,1.5091195933090198,21.5916181668869,0.2254241043267962,0.14610465816326476,14.305035770328166,0.26156118826349667,0.9232487861671625,2.594261134774499
NE,Feb,-0.012512546502719005,-7.196552141539306e-17,0.1561615358296765,0.1561615358296765,-0.1572904480669052,2.9093158971395052,1.9630470852698414,28.08615254661763,-0.012512546502719008,0.9365271480209846,14.305035770328166,0.26156118826349667,2.730323471840215,3.2879859019854583
NE,Mar,0.20967706717960038,7.520849028935135e-16,0.15270212734306166,0.15270212734306166,2.339909192127628,6.371000552950393,1.7040924705486171,24.381178342847498,0.20967706717960044,0.17718106738875095,14.305035770328166,0.26156118826349667,9.370438499172078,2.9189144857570084
NE,Apr,0.061859307765487266,-4.0709344268890226e-16,0.1558746702652858,0.1558746702652858,0.5140088599193989,14.422473157458455,1.295212708443419,18.53116106211949,0.06185930776548728,0.6935342355653972,14.305035770328166,0.26156118826349667,15.30737276777149,2.1733959372479923
NE,May,-0.10862340365166705,-1.069076563387589e-15,0.15524967744195914,0.15524967744195914,-0.7288659057760356,22.20450121957091,1.0417294336774752,14.904467654450231,-0.10862340365166707,0.48808492447524277,14.305035770328166,0.26156118826349667,20.65063954483902,1.7550824775375549
NE,Jun,0.44338979183128474,4.350952142955131e-16,0.13998305581258577,0.13998305581258577,3.302228858349555,20.335935757705947,1.042550133315138,14.916209754469795,0.44338979183128485,0.0029022141355347425,14.305035770328166,0.26156118826349667,26.678642590050835,1.9480261386725417
NE,Jul,0.22131396568783437,-8.092701463031671e-16,0.15230106005040206,0.15230106005040206,1.3360171741778673,26.438722341135165,0.9194034874411766,13.154298128623621,0.22131396568783449,0.15379791172617013,14.305035770328166,0.26156118826349667,29.604626536772816,1.5789796117580086
NE,Aug,0.12847926834078988,2.0677519193699973e-15,0.15487942419568113,0.15487942419568113,0.7474267218828132,26.527706095117892,0.9010093364372277,12.891125158938376,0.1284792683407899,0.41160068160431396,14.305035770328166,0.26156118826349667,28.36560662447848,1.5216293184127014
NE,Sep,0.5218389690924131,2.7314626929819446e-15,0.13322309277011007,0.13322309277011007,3.6113130157008926,16.69365657074904,0.9219516314570705,13.190755512696663,0.5218389690924131,0.00033217265703097833,14.305035770328166,0.26156118826349667,24.158581689967185,1.8100973279572772
NE,Oct,0.08745051103198832,-3.9797742836006303e-16,0.1555754391644949,0.1555754391644949,0.6207440012513337,14.859530117775682,1.1043105347672235,15.799842179560189,0.08745051103198834,0.5771014738643365,14.305035770328166,0.26156118826349667,16.110512806221752,1.8566219529048387
NE,Nov,0.47985033476307415,2.040141729834638e-15,0.13701910639670062,0.13701910639670062,5.2849027046777675,1.0912126643981308,1.5090802142422053,21.591054753769612,0.47985033476307426,0.0011294000020774708,14.305035770328166,0.26156118826349667,7.955488867587851,2.8807428715768357
NE,Dec,0.22875368830067372,1.0512566068652704e-15,0.15203271070436783,0.15203271070436783,2.477439580930939,-1.8730519536290058,1.6465389384242526,23.557735392868867,0.22875368830067377,0.1400833465663802,14.305035770328166,0.26156118826349667,1.3992777401066316,2.83275013160698
DE,Jan,0.2674752711726104,1.2430490634325944e-15,0.1504835279302039,0.1504835279302039,2.330586464170405,1.6617753300823441,1.31120485171287,18.759967481885745,0.2674752711726104,0.08291463195774632,14.305035770328166,0.26156118826349667,5.488018651884762,2.2790554141576838
DE,Feb,0.16341412690052062,6.628316086545349e-16,0.15407440577639678,0.15407440577639678,1.5108074439282708,4.7485452421381655,1.4244592164758776,20.380346019503378,0.16341412690052062,0.2950715910547096,14.305035770328166,0.26156118826349667,7.086190172827059,2.4182033571171972
DE,Mar,0.2697596213354846,1.805069240852183e-15,0.1503840406277708,0.1503840406277708,2.0685578962154696,7.626105863646728,1.153167746771461,16.49886316568433,0.26975962133548465,0.08022172016623492,14.305035770328166,0.26156118826349667,11.485026896241017,2.005691061721497
DE,Apr,0.31256259161164074,-1.2487054866445558e-15,0.1483490138503327,0.1483490138503327,1.6231785580981157,12.874584230140584,0.7703958978432416,11.02238294255659,0.3125625916116408,0.04128489372081521,14.305035770328166,0.26156118826349667,17.34580328361158,1.3583215772266475
DE,May,0.08286427071322408,4.898559254967186e-16,0.15563665571116356,0.15563665571116356,0.47556537542898464,21.205798961661174,0.8932125265416619,12.779572871809341,0.08286427071322408,0.5973080524416166,14.305035770328166,0.26156118826349667,22.391175318296,1.5011227833605993
DE,Jun,0.19459597791363395,-3.366907589264905e-16,0.15318826336783947,0.15318826336783947,0.774375074294626,24.17084195304826,0.6095972491229185,8.721768040786074,0.19459597791363395,0.21113730208490855,14.305035770328166,0.26156118826349667,26.95454437786478,1.0408563772270287
DE,Jul,0.2593188672296043,-2.6799366620034765e-15,0.15083133247461283,0.15083133247461283,1.092553617034803,25.59021918449444,0.6354775478461767,9.092048521243091,0.2593188672296043,0.09310878217136592,14.305035770328166,0.26156118826349667,29.29978485613491,1.1020008893536475
DE,Aug,0.3813625850673174,5.5953453898696626e-15,0.14437101414291229,0.14437101414291229,1.4930400939215385,22.863354051668743,0.5652146302643526,8.086766968711064,0.3813625850673176,0.011628046170536116,14.305035770328166,0.26156118826349667,28.31875947252154,1.024015874609792
DE,Sep,0.4407455634860854,-3.979548241191505e-15,0.14018657848384813,0.14018657848384813,1.7194625887089352,18.76270326558683,0.5469041485875236,7.824791091801941,0.4407455634860855,0.003095674393238423,14.305035770328166,0.26156118826349667,25.067584316868725,1.0204179352823726
DE,Oct,0.2969104554618937,2.3902128663514443e-15,0.14913115699369564,0.14913115699369564,1.5366954503217716,15.076942549521156,0.7718460776227064,11.043131283649219,0.2969104554618938,0.05318079014510232,14.305035770328166,0.26156118826349667,19.324257235487973,1.353741104738084
DE,Nov,0.11752387118951133,3.7394799539700407e-16,0.15509148674569792,0.15509148674569792,0.7988052449566233,11.86302518265379,1.0541508870211618,15.0821866893523,0.11752387118951135,0.45292151925237534,14.305035770328166,0.26156118826349667,13.544208363887188,1.7778213646915242
DE,Dec,0.20948911042167606,9.937363434736324e-16,0.15270841916307762,0.15270841916307762,2.0235730414136306,5.129077412196931,1.475096436245701,21.10483433649979,0.20948911042167612,0.17757856517182255,14.305035770328166,0.26156118826349667,8.125826630273234,2.526566503551113
NY,Jan,0.23191758353470496,1.122991474233997e-15,0.151915752843911,0.151915752843911,2.211109601741806,-5.264261223296612,1.4483696089336888,20.722442210195243,0.231917583534705,0.13453387836960856,14.305035770328166,0.26156118826349667,-1.9466718950645867,2.493732670019256
NY,Feb,0.12797569617828522,5.988480321806422e-16,0.15488959255749374,0.15488959255749374,1.1769775374679325,-2.2723442622028314,1.424501500454921,20.380950994439843,0.12797569617828525,0.4134514104881106,14.305035770328166,0.26156118826349667,-0.44164735063981164,2.4055477129867144
NY,Mar,0.18179133498667766,7.702225429948138e-16,0.15357145874023576,0.15357145874023576,1.6131716815051431,1.8317512689747715,1.3627554269588202,19.497523565531402,0.18179133498667768,0.24332709118829896,14.305035770328166,0.26156118826349667,4.4322828186949055,2.32102977800581
NY,Apr,0.05855165295449641,9.954115609319134e-16,0.1559058271049402,0.1559058271049402,0.36474916774703087,10.721201040255899,0.9712197318773119,13.89565525477023,0.05855165295449642,0.7091817431862262,14.305035770328166,0.26156118826349667,11.55878453018181,1.6294027737898118
NY,May,0.1599655428725694,8.117976894609301e-16,0.15416264970237026,0.15416264970237026,1.0889222873951945,15.849868732436494,1.049420657288285,15.014509273535316,0.1599655428725694,0.3055182120514053,14.305035770328166,0.26156118826349667,18.138181545248564,1.7805072411411935
NY,Jun,0.24676066346009437,2.285196561192326e-15,0.15134431548130806,0.15134431548130806,1.1457487355821145,18.958345250580354,0.7027155611789464,10.054051477548182,0.24676066346009443,0.11066411911522726,14.305035770328166,0.26156118826349667,22.488265368086914,1.214469909944625
NY,Jul,0.253108940398088,2.1137694774047736e-15,0.1510883979896761,0.1510883979896761,1.3227795581866746,21.432447860224674,0.789607210340271,11.297247390516656,0.253108940398088,0.1014994086495152,14.305035770328166,0.26156118826349667,25.053180306409182,1.366952081999958
NY,Aug,0.4233917414169777,-1.208438766856178e-15,0.14148510507659146,0.14148510507659146,1.8827415501878555,18.165081200684952,0.6291570193808976,9.001618022666095,0.4233917414169777,0.004670009836068032,14.305035770328166,0.26156118826349667,24.22171520651635,1.1631122407161016
NY,Sep,0.5517991138731142,2.532054101686625e-15,0.1302453349128375,0.1302453349128375,2.7805499947245034,12.462066713769186,0.6563143292543568,9.390169246722392,0.5517991138731143,0.00012523979713216816,14.305035770328166,0.26156118826349667,20.35557277575947,1.318023067382886
NY,Oct,0.2577926821789147,2.2856265278954038e-15,0.15089512858152238,0.15089512858152238,1.5943617921726294,10.12600831159008,0.9332360624122981,13.35220668296583,0.2577926821789147,0.09511943836541328,14.305035770328166,0.26156118826349667,13.813741851488295,1.6176687459001118
NY,Nov,0.2017362014357709,3.8144619826043175e-17,0.1529628127157347,0.1529628127157347,1.5440257793539571,4.409122696260967,1.1707295192171077,16.750126940047448,0.2017362014357709,0.19453595810067695,14.305035770328166,0.26156118826349667,7.294966273969798,2.0019075142835643
NY,Dec,0.20219008968923358,9.42665800591353e-16,0.15294819524935757,0.15294819524935757,1.9849222972297789,-1.844964891891297,1.5015092160952213,21.48273325171194,0.20219008968923358,0.19351276385278837,14.305035770328166,0.26156118826349667,1.0473715735190494,2.567774886850828
IN,Jan,0.2466252605916121,1.1046227921031668e-15,0.15134969851292776,0.15134969851292776,2.432280269973808,-2.1644191677026763,1.492648744400348,21.355962701211883,0.24662526059161216,0.1108662240358311,14.305035770328166,0.26156118826349667,1.3635640069268404,2.5795821404429367
IN,Feb,0.0692691375216183,3.7437490675879947e-16,0.15579863384189307,0.15579863384189307,0.7712152317625018,2.5751823824290216,1.7346004845109793,24.817669520502292,0.0692691375216183,0.6589421401111113,14.305035770328166,0.26156118826349667,3.5660798724555525,2.9121190135181476
IN,Mar,0.2006086222674569,1.4864403287178581e-15,0.15299897821051703,0.15299897821051703,2.035359304374434,6.953367652872975,1.5523156001010743,22.20964187363849,0.2006086222674569,0.19709437056620357,14.305035770328166,0.26156118826349667,9.823081170245198,2.653779245268777
IN,Apr,0.17670996196756378,2.2747328839076257e-15,0.15371605033397973,0.15371605033397973,1.1709588395053863,13.956850148377455,1.0185909493063423,14.573415482232043,0.17670996196756378,0.2569758950903969,14.305035770328166,0.26156118826349667,16.484692475296786,1.7332208216132887
IN,May,0.09380326445717448,1.1346798628018041e-15,0.1554851532067806,0.1554851532067806,0.7015880084212034,20.774862958119545,1.1629288128582553,16.638518904555028,0.09380326445717448,0.5496362444429165,14.305035770328166,0.26156118826349667,22.11672201155298,1.9563092416453165
IN,Jun,0.2910045449047923,1.7710802026137221e-15,0.14941482236563744,0.14941482236563744,1.5352465510073585,22.60576466309977,0.7882646327096744,11.278038559296274,0.2910045449047923,0.05832928184659314,14.305035770328166,0.26156118826349667,26.76859508729089,1.379912854248713
IN,Jul,0.034377970999347245,2.7803158508985845e-15,0.15608144802415275,0.15608144802415275,0.196531565328608,27.94744212302134,0.8922845184645991,12.766295464144257,0.034377970999347245,0.8267643887579987,14.305035770328166,0.26156118826349667,28.439220227878305,1.4952898110133315
IN,Aug,0.17832565705218553,2.790350124322605e-15,0.15367053449387053,0.15367053449387053,0.9324161667285544,25.0999205979197,0.8035012632532833,11.49603553601445,0.17832565705218556,0.252581727094584,14.305035770328166,0.26156118826349667,27.650875500818486,1.3676320309547196
IN,Sep,0.44597142430840214,4.159741379147935e-16,0.13978288815859893,0.13978288815859893,2.672264686919917,17.96773798227909,0.8375802921480204,11.983618748541726,0.4459714243084023,0.0027236630694888733,14.305035770328166,0.26156118826349667,24.347375159554982,1.5672769347257616
IN,Oct,0.19883549094606506,2.0486746083792263e-15,0.15305542177632173,0.15305542177632173,1.1555465656989163,14.820634722249846,0.8894924450042091,12.726348077391128,0.19883549094606506,0.20116531642943486,14.305035770328166,0.26156118826349667,17.66498353264407,1.520081406895295
IN,Nov,0.13501943765471824,5.184884357330067e-16,0.15474367093369032,0.15474367093369032,1.197613587249401,8.492407317885561,1.3725662472758908,19.637891159411517,0.13501943765471827,0.38799741078989003,14.305035770328166,0.26156118826349667,10.4238652032259,2.3200306444952496
IN,Dec,0.24615352510619656,1.045916954838521e-15,0.15136842810271775,0.15136842810271775,2.796498633641334,0.3262990451448755,1.7196650024941311,24.603981204297288,0.24615352510619656,0.11157253745832423,14.305035770328166,0.26156118826349667,3.8475340267813896,2.971541867120955
UT,Jan,0.16333325622815256,7.708903086551936e-16,0.15407649726677253,0.15407649726677253,1.51895240154156,-1.833377995180341,1.4328672001589402,20.500642630880638,0.16333325622815262,0.2953138974658509,14.305035770328166,0.26156118826349667,0.503110077647557,2.4324439752057234
UT,Feb,0.268956944995665,1.1893671976287194e-15,0.1504191024566636,0.1504191024566636,2.162015795259321,-0.22659502408728205,1.2091469711826122,17.299781823240025,0.2689569449956651,0.08116004863226275,14.305035770328166,0.26156118826349667,3.620843694753891,2.1025648564739283
UT,Mar,0.33812826363839726,2.4943831649572737e-15,0.14697513289991726,0.14697513289991726,2.43054096294657,4.157561191383425,1.05648985744,15.115651337489602,0.3381282636383973,0.026575786999666496,14.305035770328166,0.26156118826349667,8.99449809768965,1.8801598409746643
UT,Apr,0.19588557537073828,1.3582903065291108e-15,0.15314817003291645,0.15314817003291645,1.463862557196092,10.98021003704347,1.1444838211797015,16.37461853563762,0.19588557537073834,0.20806824159713747,14.305035770328166,0.26156118826349667,13.782360199613196,1.9546596485728134
UT,May,0.1177401224567036,1.981075351590444e-16,0.15508748621215973,0.15508748621215973,0.9063840395069322,17.710826378128573,1.1938905727029812,17.081502018223528,0.11774012245670362,0.4520846838805005,14.305035770328166,0.26156118826349667,19.395103041474535,2.0135437389550916
UT,Jun,0.4526027647948234,7.186960433626466e-16,0.13926205664843957,0.13926205664843957,3.8528501607813053,19.858123483317733,1.1854895265430168,16.961304664950415,0.4526027647948236,0.0023085522471500163,14.305035770328166,0.26156118826349667,26.332622223457108,2.2265795630126215
UT,Jul,0.6437592459807875,4.184745319397719e-15,0.11950854987418444,0.11950854987418444,4.080189450591911,20.733544775044805,0.7574532365889113,10.83720676360704,0.6437592459807876,3.208533609613552e-06,14.305035770328166,0.26156118826349667,29.942543816279457,1.6577924242642321
UT,Aug,0.5092449610987797,3.246498132053257e-15,0.1344065156662758,0.1344065156662758,2.805259133607115,21.32276062092906,0.7404002680273776,10.593222663589353,0.5092449610987797,0.00048752049078912307,14.305035770328166,0.26156118826349667,28.60752800530648,1.4408525727777937
UT,Sep,0.6227833448257702,2.980685348003148e-15,0.12218946757209412,0.12218946757209412,4.2613724932045125,14.674251348221429,0.8360770087978125,11.962110631996001,0.6227833448257704,8.208712843083696e-06,14.305035770328166,0.26156118826349667,23.583189373118692,1.7897229625942785
UT,Oct,0.2667088685969197,2.5497532039095097e-15,0.15051670188596372,0.15051670188596372,2.0765581830983253,11.708546155748628,1.1719021217349908,16.766903864778875,0.2667088685969197,0.08383373662247078,14.305035770328166,0.26156118826349667,15.52382606129132,2.036479059458462
UT,Nov,0.4255172308552273,1.9412004252188194e-15,0.14132949619165766,0.14132949619165766,3.639507906758521,0.8892193557012424,1.2088107873185967,17.294971897202437,0.4255172308552274,0.004445687933193835,14.305035770328166,0.26156118826349667,6.976258563976257,2.237169129139288
UT,Dec,0.12392630287028372,6.223375345986589e-16,0.15496988467920284,0.15496988467920284,0.8824422207071988,-1.025731709831383,1.1034943027566586,15.788163999788456,0.12392630287028375,0.42850524440704674,14.305035770328166,0.26156118826349667,0.7470384856125477,1.8624991666510873
SC,Jan,0.2957747129485294,3.070027888935485e-15,0.14918619232357005,0.14918619232357005,2.3319486717838394,7.841069245165215,1.1762146248722014,16.828604687891232,0.2957747129485295,0.054141400268935436,14.305035770328166,0.26156118826349667,12.072137093852474,2.062202206134527
SC,Feb,0.18017427224454097,2.2704282114914662e-15,0.15361793210406943,0.15361793210406943,1.4515134498267306,11.72755613667986,1.2375712237149454,17.706459736692597,0.180174272244541,0.24761627894832258,14.305035770328166,0.26156118826349667,14.304955546030865,2.1071797764879285
SC,Mar,0.24834858276767524,1.8899125399001396e-15,0.15128095179671228,0.15128095179671228,1.7770930559568021,14.737057328066106,1.0825120318402117,15.487961693814334,0.24834858276767532,0.10831481675031022,14.305035770328166,0.26156118826349667,18.289692688068005,1.871637704515099
SC,Apr,0.28668856272160836,1.8733508095042248e-15,0.1496181862563813,0.1496181862563813,1.5735801363980384,18.63528975350981,0.8212263639047439,11.749636116732379,0.2866885627216085,0.06233800555270787,14.305035770328166,0.26156118826349667,22.73637989818639,1.4356606569749417
SC,May,0.23156272059577027,-2.4967972586324417e-16,0.15192895535054993,0.15192895535054993,0.973412088082586,23.347407130880274,0.6386584217333907,9.13755864165651,0.23156272059577032,0.135148030467507,14.305035770328166,0.26156118826349667,26.659920132077275,1.0995155946253956
SC,Jun,0.1736004236713546,-3.167126575284829e-15,0.15380244637125756,0.15380244637125756,0.9061745997481357,27.48005173635265,0.8028313948392505,11.48645144269144,0.17360042367135461,0.265575863730787,14.305035770328166,0.26156118826349667,29.9634120067155,1.3653198539021252
SC,Jul,0.15424996109624922,-2.9524988942495656e-15,0.15430465189878434,0.15430465189878434,0.7249000865917843,29.171621827364977,0.7251571068672626,10.375132250553328,0.15424996109624925,0.32334558617400966,14.305035770328166,0.26156118826349667,31.37817303841855,1.229210864454923
SC,Aug,0.27505772622867086,3.3830961896146533e-15,0.1501497827164687,0.1501497827164687,1.245814925890951,26.499383655768636,0.6800712090230374,9.730069065846239,0.2750577262286709,0.07423936298928055,14.305035770328166,0.26156118826349667,30.434094268374903,1.1846852544019584
SC,Sep,0.4569515584576086,5.669386017135727e-15,0.1389152464215855,0.1389152464215855,2.2210759566733222,21.34870745790588,0.675216679167879,9.660613235124101,0.4569515584576086,0.0020676041873190078,14.305035770328166,0.26156118826349667,27.885415846949172,1.2713541636927175
SC,Oct,0.42828465622499606,1.3965685238215617e-15,0.14112546340240079,0.14112546340240079,2.224686991508004,16.981375509250533,0.7330638117395534,10.488256852021415,0.42828465622499606,0.004167738025683603,14.305035770328166,0.26156118826349667,23.108002836431805,1.3586565956906114
SC,Nov,0.06634258233286928,-2.170681617645099e-15,0.1558296961092388,0.1558296961092388,0.4213421955440715,17.141156403108273,0.989675469070522,14.159709364352388,0.0663425823328693,0.6725255821251168,14.305035770328166,0.26156118826349667,18.09018941647591,1.6611769011206579
SC,Dec,0.27180110624465537,9.781643769264174e-16,0.15029435822170012,0.15029435822170012,2.558176925087612,9.842257167452576,1.4145621571809373,20.238744567757042,0.2718011062446554,0.07787344500283813,14.305035770328166,0.26156118826349667,13.730381714697138,2.461799385436943
NM,Jan,0.13921800078217578,1.160545833671121e-15,0.1546529039146201,0.1546529039146201,1.0629624367666948,4.973481247028442,1.1808115809344186,16.894375300416193,0.13921800078217583,0.3732729359387278,14.305035770328166,0.26156118826349667,6.9649997280910405,1.9970816739077544
NM,Feb,0.15680635797300224,1.3907273843511466e-15,0.15424179355955808,0.15424179355955808,1.1940754607881552,7.665300255182961,1.1745463838215728,16.804736451115833,0.15680635797300224,0.3152928538441794,14.305035770328166,0.26156118826349667,9.90842081500164,1.991780183133938
NM,Mar,0.35750046749427217,2.872659592875929e-16,0.14585270014652993,0.14585270014652993,2.3971347235678118,9.332653734393062,0.9779807408307031,13.992387895703233,0.3575004674942722,0.018593641782257798,14.305035770328166,0.26156118826349667,14.446710709807666,1.7538366064769724
NM,Apr,0.2549034862336876,2.7470624556373547e-15,0.15101479597239212,0.15101479597239212,1.7471027244333437,15.47755229438775,1.0350519930952728,14.80893066187375,0.25490348623368764,0.09901728756505646,14.305035770328166,0.26156118826349667,19.123955782942005,1.7927344634362432
NM,May,0.25410125674739154,-1.439424555429985e-15,0.1510477675470938,0.1510477675470938,1.8130014837026587,20.295667576482646,1.0777192926089945,15.419389927923337,0.2541012567473916,0.10012106033570028,14.305035770328166,0.26156118826349667,23.930595143539424,1.866227772624418
NM,Jun,0.5066140854298351,3.905620783284996e-15,0.13464879053047338,0.13464879053047338,3.346704844883068,21.83160558626645,0.8894931518606422,12.726358190687828,0.5066140854298353,0.0005272236832110467,14.305035770328166,0.26156118826349667,29.078738200092328,1.7278795066507346
NM,Jul,0.40061824087675535,5.1336974576356555e-15,0.1430934391191528,0.1430934391191528,2.0535055846677337,23.47393839204655,0.7334742814441377,10.494129617287836,0.40061824087675535,0.007764520037833347,14.305035770328166,0.26156118826349667,29.20479665803448,1.3407211804832813
NM,Aug,0.39881043011638123,5.8919935242203615e-15,0.14321655450285056,0.14321655450285056,2.1905441509044854,22.02571937212308,0.7866448871143165,11.254864167698997,0.39881043011638134,0.008072556842996329,14.305035770328166,0.26156118826349667,27.730716840517875,1.4366758935743666
NM,Sep,0.4779879787298828,4.4144585277116035e-15,0.13717778140772072,0.13717778140772072,2.445832739536061,18.078589662412895,0.7019295962117235,10.042806341284582,0.4779879787298829,0.0011881955836171472,14.305035770328166,0.26156118826349667,24.916224795930727,1.338391227634488
NM,Oct,0.40025544554837106,4.029507875850702e-15,0.14311819934286238,0.14311819934286238,2.487635196551777,13.486471527494617,0.8894966299949865,12.726407953840484,0.40025544554837106,0.007825511149234365,14.305035770328166,0.26156118826349667,19.212139993332702,1.6256338925875933
NM,Nov,0.3945883323257508,6.049617434686864e-16,0.14350151252643706,0.14350151252643706,3.018201006659867,6.637894307047189,1.0976411973756697,15.704421122791043,0.394588332325751,0.008833262256997154,14.305035770328166,0.26156118826349667,12.282494515521192,2.0006781170313825
NM,Dec,0.3186105409539815,2.097598758419146e-15,0.1480348774982676,0.1480348774982676,2.3478076610649135,2.3349084128552597,1.0908534866881197,15.607306448750185,0.31861054095398156,0.037313700280774034,14.305035770328166,0.26156118826349667,6.892643598005572,1.9274169643087122
CO,Jan,0.3203250515427782,1.4808676099851006e-15,0.14794460576340945,0.14794460576340945,2.3315288086510777,-4.220163562081962,1.07683463644382,15.406732774565764,0.3203250515427782,0.0362467173209671,14.305035770328166,0.26156118826349667,0.3620977583696939,1.9038081558847708
CO,Feb,0.16408531148153385,5.472313800765482e-16,0.15405700643941309,0.15405700643941309,1.2383322897247124,-0.07608858177863143,1.1626498667659406,16.63452790374826,0.16408531148153385,0.29306552386127366,14.305035770328166,0.26156118826349667,2.271157668350149,1.9739711144218053
CO,Mar,0.3567902325181154,1.8530720757422932e-15,0.14589511183737688,0.14589511183737688,2.601293699284047,2.2573031743846217,1.0636951367765948,15.218740344425358,0.3567902325181154,0.018845700340028942,14.305035770328166,0.26156118826349667,7.361200213059966,1.906995789108482
CO,Apr,0.23539242317486908,1.5654076215227516e-15,0.15178534322312717,0.15178534322312717,1.7444553925604696,8.467219414157993,1.1248567686502096,16.093805917580617,0.23539242317486914,0.12862940569837425,14.305035770328166,0.26156118826349667,11.83451644773872,1.938387902196057
CO,May,0.1060618041791763,-4.0824971816679033e-16,0.155292869945653,0.155292869945653,0.7330377692780328,15.624357960040753,1.0732943857662105,15.356080897017481,0.10606180417917634,0.4984612982331196,14.305035770328166,0.26156118826349667,17.14157586268941,1.8077594611767824
CO,Jun,0.48521790044162066,6.092757358253358e-16,0.13655728620932048,0.13655728620932048,3.6464746488315773,16.80299156479495,1.0262454905771485,14.682932271421382,0.4852179004416208,0.0009741549772814283,14.305035770328166,0.26156118826349667,23.744050987015864,1.9656658199399186
CO,Jul,0.5361863517658376,7.026644150974605e-16,0.13182621562626481,0.13182621562626481,2.4265187408932776,18.75780529726816,0.5965813596424154,8.535544154348285,0.5361863517658377,0.0002105971982217764,14.305035770328166,0.26156118826349667,26.427970238840228,1.1836987702530466
CO,Aug,0.4566962136265383,-1.435955544369457e-15,0.13893572548512362,0.13893572548512362,2.1764007341394254,18.51977553891241,0.6621027412136302,9.47298652732189,0.4566962136265384,0.0020811122224373944,14.305035770328166,0.26156118826349667,25.052831211013473,1.2464783923620757
CO,Sep,0.6559577397861525,2.403996248396323e-15,0.11787958341342653,0.11787958341342653,4.161236571873509,11.787801596637518,0.7477994447280695,10.69908584287547,0.6559577397861525,1.797066592417291e-06,14.305035770328166,0.26156118826349667,21.171300528102044,1.6592806462495395
CO,Oct,0.31256002009299844,2.3104508402864947e-15,0.1483491459969882,0.1483491459969882,2.110842962008916,9.344692580902725,1.001861180628937,14.334055540909677,0.31256002009299844,0.04128665273129158,14.305035770328166,0.26156118826349667,13.815874848707558,1.7664274311743902
CO,Nov,0.48200156628619756,2.176808767274247e-15,0.13683482031691438,0.13683482031691438,4.379806141423622,-0.8323787316998503,1.2433776740650002,17.789535100248425,0.48200156628619767,0.0010647175908386223,14.305035770328166,0.26156118826349667,6.062670915378408,2.3767294109461643
CO,Dec,0.3157488214050164,1.4463594289390267e-15,0.14818435138254954,0.14818435138254954,2.2208659024493715,-4.0917470894470505,1.04227648989366,14.912294621238058,0.3157488214050164,0.039151866574449204,14.305035770328166,0.26156118826349667,0.4250510951906698,1.8397291930772404
ND,Jan,0.18187644530042102,5.092054478567981e-16,0.1535690008293628,0.1535690008293628,2.536072381797978,-10.151749437254065,2.141355363858963,30.637285196648005,0.18187644530042107,0.24310274129863618,14.305035770328166,0.26156118826349667,-7.550000381451408,3.6471908421655295
ND,Feb,-0.12154245621646825,-4.949002705415667e-16,0.15501592611625328,0.15501592611625328,-1.8905320775367598,-3.7693877071430197,2.4111951492069403,34.49799818274944,-0.12154245621646828,0.4375089072843992,14.305035770328166,0.26156118826349667,-5.508056890933143,4.068453378711394
ND,Mar,0.08121165214610958,4.623689031726187e-16,0.15565790097359286,0.15565790097359286,1.1283803688705256,0.7047014820490012,2.16276008524238,30.94353168176981,0.0812116521461096,0.6046644647828513,14.305035770328166,0.26156118826349667,1.8664370709665468,3.6342138387233387
ND,Apr,-0.11749411862175858,-1.7241827820925307e-16,0.15509203656879356,0.15509203656879356,-1.3629022348141675,12.669651934620695,1.7990286298666271,25.739470496308044,-0.11749411862175861,0.4530367197113654,14.305035770328166,0.26156118826349667,10.988894364933259,3.0340440203017303
ND,May,-0.1551401925384257,-3.3786830489974514e-15,0.15428288246255523,0.15428288246255523,-1.1738799702409528,20.549321967753315,1.1673930688784908,16.7023909209383,-0.15514019253842573,0.32052680809541734,14.305035770328166,0.26156118826349667,18.330035964075535,1.9791224625358932
ND,Jun,0.32348213298479117,2.1102637443585182e-15,0.1477769668873654,0.1477769668873654,2.6516400516572483,18.75043672865059,1.2113538404589053,17.331356443945516,0.3234821329847912,0.03434750056760841,14.305035770328166,0.26156118826349667,23.37786021206008,2.1440631553865703
ND,Jul,0.2502393412964847,2.229321419688834e-15,0.15120493862655748,0.15120493862655748,1.8050646984899348,23.12441424178755,1.0906945947750153,15.605033114328734,0.2502393412964847,0.10556725278245126,14.305035770328166,0.26156118826349667,26.704096970177122,1.8867331770591986
ND,Aug,0.13818020973183714,-1.2455322990308034e-15,0.15467560307399494,0.15467560307399494,0.8975197708535013,23.99691024215689,1.0046620431175501,14.374128676041062,0.13818020973183714,0.37688112628546755,14.305035770328166,0.26156118826349667,25.973583085122268,1.6989143250687546
ND,Sep,0.47531439260689107,2.1813938502702845e-15,0.13740417753623196,0.13740417753623196,3.537260063880669,13.562677244721552,1.02255331916965,14.630106799145453,0.47531439260689107,0.0012773599744419122,14.305035770328166,0.26156118826349667,20.362066633114935,1.9465220491878419
ND,Oct,-0.08229660110007421,-5.949715831404043e-16,0.15564400198007955,0.15564400198007955,-0.6539611544680654,12.64895151062575,1.2368084448244716,17.695546333525684,-0.08229660110007421,0.5998305394555253,14.305035770328166,0.26156118826349667,11.47169568811276,2.0784680576641827
ND,Nov,0.3253277672097739,1.4864057232070379e-15,0.14767811435870914,0.14767811435870914,4.174397175132176,-2.9685366231250274,1.8949108116256765,27.111297796628254,0.3253277672097739,0.033275659949444904,14.305035770328166,0.26156118826349667,1.6852887238917826,3.35618534739863
ND,Dec,0.15273487231995558,6.74394252589168e-16,0.1543414063894657,0.1543414063894657,2.165738701609975,-8.054872246256114,2.1885189151718416,31.31207425634682,0.15273487231995564,0.3281785234045064,14.305035770328166,0.26156118826349667,-5.869994434342644,3.708866087075878
MN,Jan,0.17715215286609254,1.5358105883665526e-15,0.15370363585960214,0.15370363585960214,2.0764002148335283,-10.503890281479768,1.8015601693580021,25.7756903123614,0.17715215286609257,0.2557682339825319,14.305035770328166,0.26156118826349667,-7.9697223979396705,3.065758438244696
MN,Feb,-0.10894990467679483,-4.677406414363645e-16,0.15524409719511012,0.15524409719511012,-1.4188988379516845,-3.940637495486574,2.0218069007261503,28.92685430711062,-0.10894990467679488,0.4867704649646176,14.305035770328166,0.26156118826349667,-5.499169779061968,3.406417538237495
MN,Mar,0.17380596132057335,5.98274136417954e-16,0.15379678449883546,0.15379678449883546,1.934342459822585,-0.47443368571752575,1.7116538936864816,24.48936285116274,0.17380596132057338,0.2650015945122648,14.305035770328166,0.26156118826349667,2.01186680806955,2.9109986127952294
MN,Apr,-0.10872220428193224,5.488067512744718e-17,0.15524799062334835,0.15524799062334835,-1.072871797029508,12.339870646166043,1.5319887210286405,21.918816538520993,-0.10872220428193227,0.4876869689001748,14.305035770328166,0.26156118826349667,10.784595624884076,2.5810884164723067
MN,May,-0.11299697721191682,-2.64797161828961e-16,0.1551735207437907,0.1551735207437907,-0.8077767699317663,19.810737636670964,1.1092824645236623,15.87097770078036,-0.11299697721191682,0.4706314197981434,14.305035770328166,0.26156118826349667,18.19431183571554,1.8698115383985665
MN,Jun,0.3670269701936689,1.156504611751251e-15,0.14527444197612507,0.14527444197612507,2.4139884190112517,17.931128370688935,0.9554906014771588,13.670611872388184,0.3670269701936689,0.01547797543257878,14.305035770328166,0.26156118826349667,23.18146230798454,1.7203250186157413
MN,Jul,0.2647891177043554,1.7015704276173926e-15,0.15059934919897516,0.15059934919897516,1.6344223648773515,21.859061985986532,0.9295810439672397,13.29991277398173,0.26478911770435537,0.08617085558374286,14.305035770328166,0.26156118826349667,25.64687978634097,1.614497829775134
MN,Aug,0.17474366038947323,-5.243056345879713e-16,0.15377086637335402,0.15377086637335402,0.9345379880629553,21.863053974530047,0.8223744184078495,11.766061822538425,0.17474366038947328,0.2623921346204034,14.305035770328166,0.26156118826349667,24.36276828703954,1.398842545076098
MN,Sep,0.5591737957925675,4.265760093243099e-15,0.12947592921587936,0.12947592921587936,3.3823751032086777,11.522069895342623,0.7831843386435391,11.205352623643568,0.5591737957925677,9.709248375198369e-05,14.305035770328166,0.26156118826349667,19.52107104598548,1.582152199915174
MN,Oct,0.025961853628794013,-9.951143673051665e-17,0.1561211210657709,0.1561211210657709,0.1875634982440656,11.07979464119434,1.1279095874881686,16.13748389974594,0.02596185362879402,0.8687437276133737,14.305035770328166,0.26156118826349667,11.451179886018263,1.8896698277801278
MN,Nov,0.32313103183310415,1.629661589630811e-15,0.14779570080767254,0.14779570080767254,3.7917208180089017,-2.332083622890752,1.734281082152801,24.813099694631656,0.32313103183310415,0.03455458095772816,14.305035770328166,0.26156118826349667,2.2903173459848523,3.06924097353203
MN,Dec,0.26249827154155303,1.304762087463218e-15,0.15069713265740434,0.15069713265740434,3.2516206848476057,-9.335405172265322,1.8667167247174496,26.70791296100257,0.26249827154155314,0.08902570780780138,14.305035770328166,0.26156118826349667,-5.58035800821409,3.240012839384629
KY,Jan,0.24987348653171065,8.178696308832251e-16,0.15121969486587697,0.15121969486587697,2.323765591168281,1.6895540758863112,1.4063081622375198,20.12065113900571,0.2498734865317107,0.10609469881892626,14.305035770328166,0.26156118826349667,5.264003238779045,2.432458512138572
KY,Feb,0.10841936489712467,4.755642882901493e-16,0.15525315607453838,0.15525315607453838,1.054146591782833,6.11499720206835,1.5095051100400163,21.59713391930939,0.1084193648971247,0.488907298470473,14.305035770328166,0.26156118826349667,7.665940095117981,2.5431235039262368
KY,Mar,0.23779202131554247,1.9691840276346194e-15,0.15169408839380014,0.15169408839380014,2.1123237323870216,9.750874422253059,1.3475095640481654,19.2793944973972,0.23779202131554253,0.12466664320327278,14.305035770328166,0.26156118826349667,13.15249779307053,2.3234669623636415
KY,Apr,0.2484685602884204,1.789784156041837e-15,0.15127614666548087,0.15127614666548087,1.608532471536526,15.354965683991527,0.9793295127475657,14.011685351221164,0.24846856028842046,0.10813886809921554,14.305035770328166,0.26156118826349667,18.90931732671932,1.6932913529467595
KY,May,0.18413704416038534,5.61830986708559e-16,0.15350328104603958,0.15350328104603958,1.228219590666372,20.79831779914898,1.0238881473957797,14.64920475632841,0.18413704416038537,0.23719502455320593,14.305035770328166,0.26156118826349667,23.43240480250579,1.7446493563966714
KY,Jun,0.2605988630745239,6.809726348761792e-17,0.15077751599902336,0.15077751599902336,1.31541876809187,24.02903540031376,0.7610761306148491,10.889041054814953,0.2605988630745239,0.09144792155054263,14.305035770328166,0.26156118826349667,27.756911458301676,1.3202762743743142
KY,Jul,0.06323777028294257,-2.3428322742361817e-15,0.15586117841470506,0.15586117841470506,0.30182400742620447,28.50282281694913,0.7439010778023267,10.643310243308509,0.06323777028294258,0.6870496755195066,14.305035770328166,0.26156118826349667,29.40744138288242,1.2483907271813286
KY,Aug,0.1602217886627651,3.2658254128806113e-15,0.15415615921950654,0.15415615921950654,0.8970250778662815,26.616566312388773,0.863065765783583,12.348250297943821,0.16022178866276512,0.30473395733702074,14.305035770328166,0.26156118826349667,28.908544730395587,1.4643885031311386
KY,Sep,0.4192118846819868,6.6308541396339785e-16,0.14178835100775025,0.14178835100775025,2.670607847219275,19.664554268027146,0.9032689594018317,12.923454549179663,0.4192118846819868,0.0051400658606986635,14.305035770328166,0.26156118826349667,25.66139527374965,1.666287115009618
KY,Oct,0.2559254353192396,2.6227900878621686e-15,0.15097263292274457,0.15097263292274457,1.415425951863418,15.976015437576084,0.8349720393889181,11.946301363023071,0.2559254353192397,0.09762477781180338,14.305035770328166,0.26156118826349667,19.637037944354613,1.446595151461112
KY,Nov,0.1156746812350706,5.691915086486324e-16,0.1551253913044073,0.1551253913044073,0.9563135084410858,11.45631023237119,1.2824630733595423,18.348746590980994,0.1156746812350706,0.4601116824923903,14.305035770328166,0.26156118826349667,13.111040685160182,2.1623962560308945
KY,Dec,0.24562331365593526,1.30354233186202e-15,0.151389433837942,0.151389433837942,2.665798584513302,3.9555508888037956,1.6430595794370515,23.507954718725973,0.24562331365593532,0.11237047943712412,14.305035770328166,0.26156118826349667,7.469201176678484,2.8387755016332417
TX,Jan,0.2501188888671811,1.2579532476389678e-15,0.15120979944949742,0.15120979944949742,1.879990354819944,10.052180103144183,1.1365513648602075,16.261125497222768,0.25011888886718114,0.10574068519021614,14.305035770328166,0.26156118826349667,13.630139755223944,1.9659951047988966
TX,Feb,0.09845839260568938,8.752222246251882e-16,0.15541493986991203,0.15541493986991203,0.8219873465248331,14.633293871680218,1.2974933944493783,18.5637918102839,0.09845839260568941,0.5299128803111977,14.305035770328166,0.26156118826349667,16.041744699793618,2.1836633871897098
TX,Mar,0.28155619729151804,6.446644991704363e-16,0.1498557117222234,0.1498557117222234,1.6997202052225076,16.52272457838361,0.9046605385799326,12.943364466455774,0.2815561972915181,0.0673872753404628,14.305035770328166,0.26156118826349667,20.55039605199635,1.5790127898806743
TX,Apr,0.2061284522860028,1.1071319850014479e-15,0.15281992121752694,0.15281992121752694,1.1050596153721357,21.90608613575547,0.8192712917066224,11.721664064300155,0.20612845228600285,0.18479402584988547,14.305035770328166,0.26156118826349667,24.854761018989123,1.4022358529025145
TX,May,0.2578047923981694,4.067204352389001e-15,0.15089462394992306,0.15089462394992306,1.5103357898581928,24.811217812221063,0.8840082022089684,12.647882674851562,0.25780479239816945,0.09510335316170135,14.305035770328166,0.26156118826349667,28.499124589238903,1.532342437071782
TX,Jun,0.4041996212639549,2.9094992763120845e-15,0.14284757919613814,0.14284757919613814,2.4132780839613335,26.14045296154582,0.8528729718820074,12.20241764495041,0.4041996212639549,0.007184107296969267,14.305035770328166,0.26156118826349667,31.92254300207979,1.5616538216372415
TX,Jul,0.26566043645204196,2.9062728395298003e-15,0.1505619176175889,0.1505619176175889,1.348755673934249,29.352175170843463,0.7644015171291912,10.936618779067777,0.26566043645204196,0.08510390343393627,14.305035770328166,0.26156118826349667,33.152457217050916,1.3279438273265842
TX,Aug,0.27309451752477565,-2.903897328405477e-16,0.15023716084893582,0.15023716084893582,1.3148924301094402,29.060035889907805,0.7233602025843612,10.349423173995795,0.2730945175247757,0.07641377793171308,14.305035770328166,0.26156118826349667,32.96666273178023,1.2593618853110093
TX,Sep,0.3125650098786367,7.27162216243943e-15,0.14834888957796027,0.14834888957796027,1.5497602434740496,25.204720697233267,0.7355436596076848,10.523737093957216,0.3125650098786367,0.04128323959568537,14.305035770328166,0.26156118826349667,29.67597434410014,1.2968730279950116
TX,Oct,0.4285536622454493,2.3531463459566515e-15,0.14110554418383053,0.14110554418383053,1.9931305508830535,18.704784673332924,0.6562580040459277,9.389363377923813,0.4285536622454494,0.004141547362197097,14.305035770328166,0.26156118826349667,24.83526014125921,1.2164768176795226
TX,Nov,0.28413553399981745,1.5734177685593854e-15,0.14973692363760713,0.14973692363760713,1.9445374493085292,14.726295277654284,1.0247541075160478,14.661594417391376,0.2841355339998175,0.06481065942837651,14.305035770328166,0.26156118826349667,18.790864255142967,1.790045471272645
TX,Dec,0.3532803827554195,6.927185948292065e-16,0.14610328548084459,0.14610328548084459,2.638354633729012,9.14323857616958,1.091122799530837,15.611159622543152,0.35328038275541956,0.020133960405613754,14.305035770328166,0.26156118826349667,14.19692708844108,1.9533809595547844
AL,Jan,0.25037639399321404,1.801370546835305e-15,0.15119940486808245,0.15119940486808245,1.9895072903682267,8.551595669262834,1.201440413318438,17.189520810446854,0.25037639399321404,0.10537018296860245,14.305035770328166,0.26156118826349667,12.133238941381538,2.078382401104901
AL,Feb,0.20672781821257946,2.790786856629771e-15,0.1528001731241091,0.1528001731241091,1.5755687209775733,11.576876583223568,1.1645610901129066,16.661872591950768,0.20672781821257952,0.1834920981897005,14.305035770328166,0.26156118826349667,14.534125417476416,1.993479302460973
AL,Mar,0.24417728398458954,2.3762802452467813e-15,0.1514464772223869,0.1514464772223869,1.7284551961492338,15.419305502297366,1.072042600449483,15.338171070184979,0.24417728398458954,0.11456870074147436,14.305035770328166,0.26156118826349667,18.9122702839985,1.8515104582518882
AL,Apr,0.28191517064805766,3.5109923545876287e-15,0.1498392501705416,0.1498392501705416,1.436553714448894,18.873005858546154,0.763535112026479,10.924222751451046,0.28191517064805777,0.06702389578501884,14.305035770328166,0.26156118826349667,22.905812458864787,1.3328360289793488
AL,May,0.30696450493339084,-1.6804874932996617e-15,0.14863384316640196,0.14863384316640196,1.2019617573919055,22.543584575357393,0.5819962649393866,8.32686897899974,0.30696450493339095,0.04526152886188177,14.305035770328166,0.26156118826349667,26.934722798650625,1.0241788234731803
AL,Jun,0.19777589981698604,6.339485651299457e-16,0.15308890239140266,0.15308890239140266,1.0063456502590928,27.386648762522107,0.7789642275276625,11.144973692616606,0.19777589981698612,0.20362604140765547,14.305035770328166,0.26156118826349667,30.21584008391293,1.330905152392904
AL,Jul,0.09097632161225869,3.5483366010491115e-15,0.1555261180250727,0.1555261180250727,0.3961535403764466,29.961133402814585,0.6772336052366361,9.689470257284922,0.09097632161225869,0.5617812819903456,14.305035770328166,0.26156118826349667,31.262552937730824,1.138959994417848
AL,Aug,0.14822627054091353,1.7375187143038883e-15,0.15444858428723146,0.15444858428723146,0.7179715757403847,28.93544882112451,0.7481109322046077,10.703542427156131,0.14822627054091356,0.3428255573616956,14.305035770328166,0.26156118826349667,31.05583092331462,1.2669380252553493
AL,Sep,0.42753030369397516,1.7173611245044713e-15,0.141181239635298,0.141181239635298,2.2448651013252556,22.69569251336807,0.7413108148843127,10.606250246125004,0.42753030369397527,0.0042419554103076944,14.305035770328166,0.26156118826349667,28.811528800609647,1.3733987469907696
AL,Oct,0.43783104622667707,7.677454344163977e-16,0.14040915602832552,0.14040915602832552,2.1785525261315106,17.533361864118298,0.6986455716051143,9.995820399500413,0.4378310462266772,0.0033219373982149576,14.305035770328166,0.26156118826349667,23.796550641751118,1.3014718630400333
AL,Nov,0.1300438266677459,1.0759355038662001e-15,0.15484757282059505,0.15484757282059505,0.8458252083189448,16.35536182427953,1.0071526184268123,14.409762400055968,0.13004382666774592,0.40588090104694785,14.305035770328166,0.26156118826349667,18.21564341647199,1.701234516240167
AL,Dec,0.28831514925541313,1.6641470961948312e-15,0.14954193267130456,0.14954193267130456,2.4969123967500773,9.586613837382712,1.2950866663969973,18.529357724762146,0.2883151492554132,0.060802214049005245,14.305035770328166,0.26156118826349667,13.710972360608901,2.2652135178135935
NH,Jan,0.2993854888760655,1.487896817808785e-15,0.1490104210671055,0.1490104210671055,2.783615541424444,-7.754129585342573,1.3854636892180903,19.82242036636121,0.2993854888760655,0.05113487389332721,14.305035770328166,0.26156118826349667,-3.471409457853271,2.4319341308660247
NH,Feb,0.14132831502482873,6.541231635557385e-16,0.15460621160747606,0.15460621160747606,1.2127766608358685,-3.7591512742892217,1.3267178981427592,18.981919258672967,0.1413283150248288,0.36599960287018163,14.305035770328166,0.26156118826349667,-1.737444672498839,2.2445276054606373
NH,Mar,0.166112282274982,7.220406494888867e-16,0.15400401560154175,0.15400401560154175,1.2339626422188303,0.5741227059716008,1.1440165615773337,16.36793325306368,0.16611228227498204,0.2870608474424097,14.305035770328166,0.26156118826349667,2.950364845806068,1.943003434491558
NH,Apr,0.0989558682556776,8.511055611480438e-16,0.15540723341750237,0.15540723341750237,0.5830897998851876,8.688443264300886,0.9157251028306042,13.101669909936005,0.09895586825567763,0.5278257985776517,14.305035770328166,0.26156118826349667,10.104010499382236,1.541229071208151
NH,May,0.07934688654387052,1.4898834326523391e-15,0.15568135621540605,0.15568135621540605,0.557913705374881,16.056752360650624,1.0946461302662613,15.661569419256566,0.07934688654387054,0.6130118572353014,14.305035770328166,0.26156118826349667,17.19181241092486,1.839121584760116
NH,Jun,0.2005712139571071,4.780263500633339e-16,0.15300017440861827,0.15300017440861827,1.0625416359985334,18.971142157822023,0.8105303468869675,11.596603635822124,0.20057121395710714,0.19717965235785448,14.305035770328166,0.26156118826349667,21.840320547976585,1.3856407776972934
NH,Jul,0.3058222435292096,-3.484472112103393e-16,0.148691262669377,0.148691262669377,1.6361578790352398,20.217778341617482,0.795502570881386,11.381594830125984,0.3058222435292097,0.046109933316878786,14.305035770328166,0.26156118826349667,24.592576474664835,1.399359948735269
NH,Aug,0.5364922540225634,7.299273339586662e-16,0.13179585668140367,0.13179585668140367,2.363088933608292,16.127799365204613,0.580521578986583,8.305770017625054,0.5364922540225635,0.00020851427687599677,14.305035770328166,0.26156118826349667,23.802340249501366,1.1520992983822442
NH,Sep,0.5680880041485618,5.5871712207258146e-15,0.12852597910895183,0.12852597910895183,3.0137978305925914,11.415030224863411,0.6818509001856177,9.75553186694417,0.5680880041485618,7.079768997995356e-05,14.305035770328166,0.26156118826349667,19.541549444902923,1.3876239878312917
NH,Oct,0.26800267584251614,1.4249812994701548e-15,0.15046063951236396,0.15046063951236396,1.6595417354368944,8.855072337287666,0.9316911110171892,13.330102403916317,0.26800267584251614,0.08228672421819765,14.305035770328166,0.26156118826349667,12.688860201758525,1.6196543819167275
NH,Nov,0.2068359616601199,1.4616115499169233e-15,0.15279660360196468,0.15279660360196468,1.4293847645439748,3.0108717255748134,1.0559340624799294,15.107699341763002,0.20683596166011994,0.1832578901856947,14.305035770328166,0.26156118826349667,5.969667555713054,1.8075753099174279
NH,Dec,0.23237997552823397,1.0348068532955916e-15,0.15189851770929308,0.15189851770929308,2.1416723833923905,-3.7256189345567554,1.399934997483065,20.029467550572456,0.23237997552823397,0.13373674849799938,14.305035770328166,0.26156118826349667,-0.4014150723173847,2.410613789754735
OH,Jan,0.2119284689666805,9.925012782459412e-16,0.15262630307799044,0.15262630307799044,2.148484686675381,-1.5541128721125779,1.547292237544985,22.137770481400384,0.21192846896668055,0.17246923851250828,14.305035770328166,0.26156118826349667,1.4775314572066691,2.6516503910623284
OH,Feb,0.08004259842118291,4.965482028495402e-16,0.1556726695970203,0.1556726695970203,0.8403591263871983,2.3431681956024724,1.6343915765519899,23.383937901640355,0.08004259842118293,0.6098918570553795,14.305035770328166,0.26156118826349667,3.4881804291675067,2.746104399426132
OH,Mar,0.2426207285092375,1.3464957616978102e-15,0.15150748046392945,0.15150748046392945,2.4242544710536373,5.8075565814312196,1.513855346035565,21.659374602531706,0.24262072850923755,0.11697118687983071,14.305035770328166,0.26156118826349667,9.27825478137894,2.613506619974318
OH,Apr,0.1512937587208403,1.5428614224497536e-15,0.15437602165729827,0.15437602165729827,0.955867498237115,13.71742244728347,0.9753411036712778,13.954621480173193,0.15129375872084033,0.33281712290402843,14.305035770328166,0.26156118826349667,15.88168507761249,1.652532403023155
OH,May,0.12644432265751476,2.5597152774120676e-16,0.1549202653505503,0.1549202653505503,0.9692920337869824,19.56361184405741,1.1875818219469068,16.991240028359268,0.1264443226575148,0.41910857964008164,14.305035770328166,0.26156118826349667,21.372402402628072,2.005065714325268
OH,Jun,0.23845978305582227,1.7296357716260804e-15,0.1516685194810862,0.1516685194810862,1.166041100546946,22.475163273869526,0.7416417355904897,10.610984869916896,0.23845978305582233,0.12358036164315028,14.305035770328166,0.26156118826349667,25.886339000267757,1.27900433320338
OH,Jul,0.11011461515728363,1.3614161903956025e-15,0.15522405297714897,0.15522405297714897,0.6067372412368761,26.194531421263783,0.8552925834816619,12.23703606088215,0.11011461515728366,0.48209650496998624,14.305035770328166,0.26156118826349667,27.769724929924646,1.441215714689222
OH,Aug,0.26434209010023263,5.273152304222225e-15,0.1506185020378728,0.1506185020378728,1.3022028624216513,23.219030968875888,0.7419773537124145,10.615786701640912,0.26434209010023263,0.08672227509704256,14.305035770328166,0.26156118826349667,27.000454023363027,1.2885035747655005
OH,Sep,0.44860565453608015,-4.0006464164216937e-16,0.1395771459661466,0.1395771459661466,2.643172625935935,17.175632235905404,0.8223848444476334,11.766210992339815,0.44860565453608026,0.0025515026016362293,14.305035770328166,0.26156118826349667,23.59295217081551,1.5411115883956084
OH,Oct,0.24040773435531917,1.5129121170363783e-15,0.1515934969695827,0.1515934969695827,1.443873766879973,13.663433388509906,0.9104610302615092,13.026354576798315,0.24040773435531923,0.1204521733018397,14.305035770328166,0.26156118826349667,17.1024746279263,1.5709200836668535
OH,Nov,0.13309736885496481,1.1187484795585834e-15,0.15478427871292394,0.15478427871292394,1.1379344261114277,8.458576835161347,1.3233496716241975,18.93372860419415,0.13309736885496487,0.39485025150919606,14.305035770328166,0.26156118826349667,10.36253945756818,2.2362536781923965
OH,Dec,0.20968648821091207,7.931172526213956e-16,0.15270181182033835,0.15270181182033835,2.3217379726661473,1.0867281155228556,1.6907794013012136,24.19070257863787,0.20968648821091207,0.1771611602575644,14.305035770328166,0.26156118826349667,4.086300829934448,2.896116712852825
MS,Jan,0.23120597006546956,1.7199278520251563e-15,0.15194220655188515,0.15194220655188515,1.8602892320337716,8.984570042392898,1.2225309349057232,17.49127190497386,0.2312059700654696,0.1357675492729104,14.305035770328166,0.26156118826349667,12.291979714492863,2.104528104991227
MS,Feb,0.16828473279630335,-2.033388560464282e-17,0.1539464785604492,0.1539464785604492,1.3722719814141153,12.229475136359298,1.2553511875707948,17.960845268693266,0.16828473279630335,0.28071462213133697,14.305035770328166,0.26156118826349667,14.636794258610534,2.132891582707279
MS,Mar,0.24861601179872828,-1.2458507879913905e-15,0.15127023780568227,0.15127023780568227,1.6965543314985843,15.53690923313332,1.0322672917133646,14.769088750594124,0.24861601179872833,0.10792292689571513,14.305035770328166,0.26156118826349667,19.093370174990458,1.784892146285414
MS,Apr,0.21059059074724823,1.590354721005355e-15,0.15267146323098774,0.15267146323098774,1.0765815196839335,20.193481768490027,0.7804872730275784,11.166764554673385,0.21059059074724829,0.17525820075664694,14.305035770328166,0.26156118826349667,23.205987702023954,1.3371534813206283
MS,May,0.1944270912747055,1.1913279738679897e-15,0.15319349363519816,0.15319349363519816,0.7637249334618739,24.439002719290205,0.6017561131335757,8.609581561313432,0.1944270912747055,0.2115415502437819,14.305035770328166,0.26156118826349667,27.220289214695725,1.027432955937741
MS,Jun,0.24969221089328814,-6.650045849570928e-16,0.15122699783318969,0.15122699783318969,1.1661386676050716,27.026640567815004,0.706276135439719,10.104994133275603,0.24969221089328814,0.10635678480576626,14.305035770328166,0.26156118826349667,30.598496576215815,1.221570406572071
MS,Jul,0.05442687820604061,5.383092766390899e-16,0.15594227472703656,0.15594227472703656,0.20116507044373674,30.882685792220297,0.5763721843803861,8.246402857886379,0.054426878206040634,0.7288608984694194,14.305035770328166,0.26156118826349667,31.661264231825,0.9667461481657064
MS,Aug,0.08944874959778466,-2.061626543216117e-15,0.15554772784876036,0.15554772784876036,0.43804033410699544,30.384900806497626,0.7617342778164725,10.898457447748994,0.08944874959778466,0.568395545468908,14.305035770328166,0.26156118826349667,31.664468369105062,1.2808938169796666
MS,Sep,0.4485086780045475,5.148010863573162e-15,0.13958474703122492,0.13958474703122492,2.333955520377677,22.887052467004107,0.7263729931458444,10.3925284545241,0.4485086780045475,0.0025576665002643327,14.305035770328166,0.26156118826349667,29.302985149161756,1.3611156465916656
MS,Oct,0.45909704966152287,2.4263005216881366e-15,0.13874260243888414,0.13874260243888414,2.1833676749477102,17.54962635220859,0.6598302331206843,9.44047278404959,0.459097049661523,0.00195712859549306,14.305035770328166,0.26156118826349667,24.117026069668803,1.2439292387012129
MS,Nov,0.15087489121043735,1.0590347749465887e-15,0.15438601977670652,0.15438601977670652,0.9863371745438735,16.202088093864397,1.0092910047122339,14.440357205380106,0.15087489121043737,0.3341729639617552,14.305035770328166,0.26156118826349667,18.360358809474075,1.7099433930482146
MS,Dec,0.30013714859454266,8.266015975855293e-16,0.14897353603859434,0.14897353603859434,2.5811484499635093,9.544509522129037,1.2811570091613527,18.330060173023277,0.3001371485945427,0.05052625446072461,14.305035770328166,0.26156118826349667,13.837982168778268,2.2493991790698775
WV,Jan,0.18800211900103372,1.047399566390815e-15,0.15338896860286838,0.15338896860286838,1.7706549561787208,0.8742776940229691,1.4446589162025227,20.66935174543605,0.18800211900103372,0.22732210005798947,14.305035770328166,0.26156118826349667,3.563654731230249,2.4634542248973763
WV,Feb,0.11208360518060413,3.8183624290882805e-16,0.15518967666270864,0.15518967666270864,1.1072300854071733,4.058264994768212,1.533058101304699,21.934116618579743,0.11208360518060416,0.4742487418473228,14.305035770328166,0.26156118826349667,5.661624976144093,2.5838606489641127
WV,Mar,0.2609709382803475,9.42540296912989e-16,0.1507618190467007,0.1507618190467007,2.396055737956061,7.056763069535703,1.3841913738436498,19.80421680723006,0.2609709382803475,0.09096946150701281,14.305035770328166,0.26156118826349667,10.789961676652178,2.401475007504894
WV,Apr,0.2500370128084467,3.2972788825241936e-15,0.15121310210894576,0.15121310210894576,1.5625747945644326,13.1983319164041,0.9449872213293155,13.520335529400265,0.2500370128084467,0.10585869790508146,14.305035770328166,0.26156118826349667,16.775120328534932,1.6345936764569093
WV,May,0.15115096495312155,-3.7943901420592915e-17,0.15437943324680078,0.15437943324680078,1.053897640442932,18.83104930731183,1.0764080830193894,15.400629892654404,0.15115096495312155,0.33327895032412325,14.305035770328166,0.26156118826349667,20.993269267685854,1.8237311235680325
WV,Jun,0.19742452153803378,-1.0871916965782357e-16,0.15309996401964485,0.15309996401964485,0.7576436544107538,22.075773158642587,0.5875420911563521,8.406215481839897,0.19742452153803378,0.2044466973746953,14.305035770328166,0.26156118826349667,24.899938001184083,1.0037769015932367
WV,Jul,0.14186361543825723,1.2126083445402535e-15,0.15459425372014146,0.15459425372014146,0.6886366931241906,24.72006323135437,0.7504339666584502,10.736779072640212,0.14186361543825723,0.36416828781740984,14.305035770328166,0.26156118826349667,26.74942732470672,1.2696746179699716
WV,Aug,0.29058456850456815,-9.74185612730837e-16,0.14943475683363344,0.14943475683363344,1.393460095159758,22.01907722795176,0.7165947302335727,10.252626673331092,0.2905845685045682,0.05871006563370331,14.305035770328166,0.26156118826349667,26.175899874714982,1.2542822909125737
WV,Sep,0.4610729851638892,4.497284758756805e-15,0.1385826954276812,0.1385826954276812,2.6358740903101965,16.424389348355916,0.7922531746537536,11.335104331340448,0.46107298516388934,0.0018600313694620257,14.305035770328166,0.26156118826349667,23.02005489385734,1.4952998361624568
WV,Oct,0.21822691369756753,2.1531066290066244e-15,0.15240967049994983,0.15240967049994983,1.2815083243806829,14.256595103028395,0.895005378358058,12.805223967998844,0.21822691369756758,0.15976818349629068,14.305035770328166,0.26156118826349667,17.378338909520416,1.5359830481729908
WV,Nov,0.10380846110222298,5.72570071187295e-16,0.1553300030229572,0.1553300030229572,0.8690145034073774,9.99477209654808,1.3003181437044828,18.604206703579184,0.10380846110222301,0.5076814809030694,14.305035770328166,0.26156118826349667,11.4797558458781,2.1896140614744035
WV,Dec,0.17528017614008265,3.6963239183681856e-16,0.15375597230933127,0.15375597230933127,1.9456351964157603,3.4376502313440884,1.7067134342966486,24.41867758991026,0.17528017614008265,0.2609068127408349,14.305035770328166,0.26156118826349667,5.945039420857392,2.9033668559020427
MO,Jan,0.23075591157516734,1.2001299343443452e-15,0.1519588928105962,0.1519588928105962,2.115891304113967,0.33917786848309683,1.393370586633881,19.93554772263134,0.2307559115751674,0.13655211198995965,14.305035770328166,0.26156118826349667,3.640149437780549,2.3983569476622946
MO,Feb,0.04888937627708619,3.8824184134905237e-16,0.1559870092220188,0.1559870092220188,0.5421362464278388,5.307992502404085,1.7297461761803048,24.7482168592255,0.048889376277086206,0.7555509174762141,14.305035770328166,0.26156118826349667,6.0073567788368365,2.9004624647428363
MO,Mar,0.19583570112413679,8.15852970852926e-16,0.15314972573215588,0.15314972573215588,1.8156965926784479,9.620056504488266,1.4199322880624734,20.315577322440255,0.19583570112413687,0.20818635314532868,14.305035770328166,0.26156118826349667,12.421493214176339,2.4250724233673626
MO,Apr,0.14328810653340338,-9.942159273039418e-16,0.15456220774048066,0.15456220774048066,1.0434005306315133,16.30812421214943,1.1254966896669847,16.102961540708456,0.14328810653340343,0.3593219001550765,14.305035770328166,0.26156118826349667,18.357865701572358,1.9046457464571214
MO,May,0.08216892164497627,4.9754719405737e-16,0.15564564728862532,0.15564564728862532,0.5198236383792231,21.958610352597667,0.9846580075741949,14.087922401095085,0.08216892164497629,0.600398532559149,14.305035770328166,0.26156118826349667,23.134039715938343,1.6547094183538746
MO,Jun,0.489761755106393,2.7917835700441355e-15,0.13616107957525944,0.13616107957525944,2.705879144465607,21.095503186896465,0.7522747982446684,10.763116635876017,0.489761755106393,0.0008579134031426677,14.305035770328166,0.26156118826349667,28.10156261263212,1.445096430957721
MO,Jul,0.05991011583934901,-1.3541733838812574e-15,0.1558932387979981,0.1558932387979981,0.34847032734958444,29.515316577099554,0.9067611904005898,12.97341938868613,0.05991011583934901,0.7027405303890032,14.305035770328166,0.26156118826349667,30.372332927185944,1.5213843541971923
MO,Aug,0.027547925342668155,-1.2403318487882754e-15,0.15611449142976294,0.15611449142976294,0.1731095551977682,29.150356440654484,0.9810143535373237,14.035791087549645,0.027547925342668155,0.8608015260486241,14.305035770328166,0.26156118826349667,29.54443049807968,1.6436352427296124
MO,Sep,0.49738672338497747,4.12131034815511e-15,0.13548525681653636,0.13548525681653636,2.987438173408044,18.429049553713323,0.8137608205405065,11.642823401263284,0.4973867233849776,0.0006904211082302937,14.305035770328166,0.26156118826349667,25.544184423421747,1.571006707180513
MO,Oct,0.1549359665391648,2.4430662837286524e-15,0.15428788788531517,0.15428788788531517,0.8626279616749132,16.7725201737485,0.859019691880217,12.290361391601465,0.1549359665391648,0.3211720866240821,14.305035770328166,0.26156118826349667,18.98888471720162,1.4562790017382663
MO,Nov,0.2942616318740985,7.640148541362697e-16,0.14925915357858272,0.14925915357858272,2.6821621194340795,7.604830916196395,1.3604806211315879,19.464976947593907,0.2942616318740985,0.05544276668316313,14.305035770328166,0.26156118826349667,11.814254085990513,2.384101204790023
MO,Dec,0.3072929189557261,1.82246067294457e-15,0.1486172906232214,0.1486172906232214,3.399797735311195,1.039674733970135,1.6442576347218452,23.52509580705772,0.30729291895572614,0.045019961101612514,14.305035770328166,0.26156118826349667,5.4355109316003505,2.893835427531158
PA,Jan,0.2432660708159335,1.1262060468991216e-15,0.15148223906111954,0.15148223906111954,2.2952980620148127,-2.9938800041832394,1.42928641294057,20.449410779741264,0.24326607081593354,0.11597054456025828,14.305035770328166,0.26156118826349667,0.4860498405458738,2.467918713472199
PA,Feb,0.13234068582344252,7.356357737054232e-16,0.1548001026403344,0.1548001026403344,1.2669697898304262,0.4720711211760118,1.4819860747103017,21.20340733475328,0.13234068582344255,0.3975672991324719,14.305035770328166,0.26156118826349667,2.3652093657501188,2.504068357059226
PA,Mar,0.26316071008405606,1.4202018838305042e-15,0.15066895068069222,0.15066895068069222,2.487915990187351,3.749105869646906,1.424421189255464,20.37980194782956,0.26316071008405606,0.08819274172476624,14.305035770328166,0.26156118826349667,7.513629240744288,2.472794143492408
PA,Apr,0.19390261976463083,1.783983784805578e-15,0.15320970596271244,0.15320970596271244,1.1310398148667087,11.46212929094002,0.8936768243677837,12.786215778986337,0.19390261976463083,0.21280036161893748,14.305035770328166,0.26156118826349667,14.235913202633405,1.5256942805051472
PA,May,0.14547546772023257,1.3088474877361455e-15,0.15451236340868024,0.15451236340868024,1.0352534702100498,17.8162316979517,1.099563128518786,15.731919012003535,0.14547546772023262,0.3519564793709651,14.305035770328166,0.26156118826349667,19.897263467394847,1.8613593897687055
PA,Jun,0.2525600876480543,5.116526944298743e-15,0.15111079783594158,0.15111079783594158,1.1572847577104552,20.622315736520193,0.6924222456902861,9.906780619302195,0.2525600876480543,0.10226799961953044,14.305035770328166,0.26156118826349667,24.235196824482827,1.1985297408028972
PA,Jul,0.3069639691086799,2.1252512296022604e-15,0.14863387015677682,0.14863387015677682,1.7113183668040726,22.22012266660197,0.8286310366230909,11.855577929888982,0.30696396910867996,0.045261923850137456,14.305035770328166,0.26156118826349667,26.611253224903546,1.4581987156933809
PA,Aug,0.4150704086849487,4.1691423106501706e-15,0.14208521625728945,0.14208521625728945,2.0891272089393444,19.810270509251247,0.7151415399897625,10.2318352602401,0.4150704086849489,0.005645868023695714,14.305035770328166,0.26156118826349667,25.747867552694167,1.3164865135412196
PA,Sep,0.5365869028509378,1.5041161704131694e-16,0.13178645843392645,0.13178645843392645,2.914255052461897,14.257115399131475,0.7157449246274661,10.24046814179755,0.5365869028509379,0.00020787358479894426,14.305035770328166,0.26156118826349667,21.933010238303744,1.4205639578135305
PA,Oct,0.27524319092245797,2.7696076183439755e-16,0.1501414930909542,0.1501414930909542,1.6957142256118896,11.633244681738322,0.9249895150382333,13.23421980976811,0.275243190922458,0.0740364888158441,14.305035770328166,0.26156118826349667,15.570608373423347,1.6114223437095447
PA,Nov,0.19007840500045217,5.485620338874141e-16,0.15332654456138295,0.15332654456138295,1.5467622601711126,6.430929997525076,1.2476941428955455,17.85129266222802,0.19007840500045223,0.22213658848075027,14.305035770328166,0.26156118826349667,9.150008380223468,2.128453122965366
PA,Dec,0.20991050466748162,1.263840847305034e-15,0.15269430484613677,0.15269430484613677,2.180651446858054,0.15110501733335768,1.5862619992133036,22.695327495256365,0.20991050466748168,0.17668827425287853,14.305035770328166,0.26156118826349667,3.1538822951693195,2.717223630766991
KS,Jan,0.28376373481830114,1.2101950120263738e-15,0.14975411902816452,0.14975411902816452,2.584060006671161,0.03149334616020738,1.3637177071366733,19.51129131877103,0.2837637348183012,0.06517716297264498,14.305035770328166,0.26156118826349667,4.090743723057921,2.381875211509575
KS,Feb,0.061391574011054946,4.0529284655035317e-16,0.1558791804368672,0.1558791804368672,0.7442024104049695,5.463189488693212,1.8896023384606213,27.035347205212425,0.061391574011054946,0.6957394954059962,14.305035770328166,0.26156118826349667,6.341398150918102,3.170703307574917
KS,Mar,0.2700978201297588,8.655577939069494e-16,0.15036923397384772,0.15036923397384772,2.64058253671509,9.000077481989635,1.470068781376367,21.032901532303985,0.27009782012975886,0.07982891588387783,14.305035770328166,0.26156118826349667,12.863836460433498,2.5571250655752342
KS,Apr,0.1610003119268974,2.7706150087970804e-16,0.1541363744885489,0.1541363744885489,1.2690736759450383,16.19207437859589,1.214969170108448,17.3830825083916,0.1610003119268974,0.3023591427814705,14.305035770328166,0.26156118826349667,18.49518959974415,2.061737736413991
KS,May,0.06487109272858618,1.0859126453544175e-15,0.15584480564660871,0.15584480564660871,0.42483437953561043,22.36105918795738,1.0206122407669789,14.602334961917784,0.0648710927285862,0.6793948381740127,14.305035770328166,0.26156118826349667,23.28904248990008,1.7129383898531623
KS,Jun,0.5157793479393191,4.523112241424822e-15,0.13379741368305811,0.13379741368305811,3.7150720389662912,21.634689375642306,0.9637203049052954,13.788357752061922,0.5157793479393191,0.0004002618309040794,14.305035770328166,0.26156118826349667,29.012931397510805,1.883981320459609
KS,Jul,0.13218628125515355,4.7704386232836774e-15,0.15480332030282445,0.15480332030282445,0.7965591602295377,29.813748654690865,0.9328502296175647,13.34668640848455,0.13218628125515358,0.3981230550180582,14.305035770328166,0.26156118826349667,31.704678136392495,1.576176880788739
KS,Aug,0.06531455940262652,9.537461636682431e-16,0.15584028787551354,0.15584028787551354,0.43659066905570676,29.599167495863654,1.041703659516202,14.904098892523574,0.06531455940262654,0.6773219014434795,14.305035770328166,0.26156118826349667,30.53349460444145,1.7483877289750729
KS,Sep,0.45785316985822555,2.4604494010701925e-15,0.13884281996162762,0.13884281996162762,3.0761591742869556,19.84528204886945,0.9328375176283816,13.346504532629382,0.45785316985822566,0.002020525045309485,14.305035770328166,0.26156118826349667,26.394888021249503,1.7573403481367156
KS,Oct,0.19620124717543747,2.4338564234720667e-15,0.15313831390456073,0.15313831390456073,1.2795505360986703,16.353762080451087,0.99871032664036,14.288974927999606,0.19620124717543747,0.20732175673138792,14.305035770328166,0.26156118826349667,19.16042793947872,1.7058034211469644
KS,Nov,0.4303169747270441,3.0050107874941007e-15,0.14097459564098982,0.14097459564098982,3.9698102293028747,5.329921897507997,1.300535244286904,18.60731285427806,0.4303169747270443,0.003973401422176513,14.305035770328166,0.26156118826349667,11.485621613557765,2.412984710667485
KS,Dec,0.3276576151449378,1.3021447498684663e-15,0.14755242865136248,0.14755242865136248,3.347604395829343,0.28950452105151925,1.5075100835062274,21.568590223142856,0.3276576151449378,0.031962111082634644,14.305035770328166,0.26156118826349667,4.976658426120275,2.672312020649692
MD,Jan,0.25336371905373983,8.73071326940515e-16,0.15107798227561053,0.15107798227561053,2.129518022001369,0.6334888722396697,1.2698080340195699,18.167685541527327,0.2533637190537399,0.10114413556628843,14.305035770328166,0.26156118826349667,4.257865936206794,2.198417620105531
MD,Feb,0.1517545046946396,4.21903428425674e-16,0.1543649911581026,0.1543649911581026,1.3563099458942018,3.7247778017966278,1.3796412385048658,19.739116078779997,0.1517545046946396,0.3313296805418928,14.305035770328166,0.26156118826349667,5.895631419761881,2.337710118164402
MD,Mar,0.28987155506927637,1.3991009969864415e-15,0.14946852850583786,0.14946852850583786,2.249517349894926,6.217011754732695,1.1599346064045177,16.595679514788593,0.2898715550692764,0.05936108855774966,14.305035770328166,0.26156118826349667,10.363634718799345,2.029817761584956
MD,Apr,0.32821747829914827,5.085894246596767e-16,0.1475220766396403,0.1475220766396403,1.704392231377248,11.640724311607796,0.7660636559765268,10.960399709016032,0.32821747829914827,0.031652925747582786,14.305035770328166,0.26156118826349667,16.33588707912402,1.358254470835298
MD,May,0.15032043394532982,8.204954887402068e-16,0.154399210722304,0.154399210722304,0.8917587614794281,19.226183046391405,0.9159556376560123,13.104968270083505,0.15032043394532982,0.3359729638431278,14.305035770328166,0.26156118826349667,21.3765222309906,1.5516817985090041
MD,Jun,0.2707052978156602,3.10952629125468e-15,0.15034258778151416,0.15034258778151416,1.0269128620087709,22.187730738421276,0.5703203385611326,8.159816516609292,0.27070529781566033,0.07912713613157171,14.305035770328166,0.26156118826349667,26.060179706891635,0.992224942021596
MD,Jul,0.283499339787645,1.4003473608551773e-16,0.14976633217180146,0.14976633217180146,1.2982024487787098,24.441106284938407,0.6858111885398879,9.81219340281932,0.283499339787645,0.0654387919499711,14.305035770328166,0.26156118826349667,28.49657448146509,1.1977430895023855
MD,Aug,0.38790617958650353,7.07683256399127e-16,0.14394517891422706,0.14394517891422706,1.6457344629376471,22.031518062649578,0.6107031910793291,8.737591224411435,0.38790617958650375,0.010163087287756264,14.305035770328166,0.26156118826349667,27.58052983716585,1.1097019958563599
MD,Sep,0.4398745193691028,4.1564700554944425e-15,0.1402532906626524,0.1402532906626524,1.9361346681705416,17.891491112376666,0.6173334585654905,8.832453291367719,0.4398745193691028,0.0031618347497051427,14.305035770328166,0.26156118826349667,24.183911846407593,1.1512776079214033
MD,Oct,0.27799135961111726,2.0582197583718954e-15,0.15001795046915198,0.15001795046915198,1.458928560840431,14.296302166818373,0.7873103426105126,11.264385123522928,0.2779913596111173,0.07108118590629184,14.305035770328166,0.26156118826349667,18.272978509897566,1.3727012540921992
MD,Nov,0.12329299630788641,1.4055413093116882e-15,0.15498220488419442,0.15498220488419442,0.8566867920384267,10.56127770555247,1.0768755071352745,15.407317528993454,0.12329299630788644,0.43088702857568906,14.305035770328166,0.26156118826349667,12.324988427967725,1.8174269585893823
MD,Dec,0.19211523138381362,7.76992534833169e-16,0.153264615574116,0.153264615574116,1.8318628878791905,4.115938454525761,1.461413336532301,20.90906438847111,0.1921152313838136,0.21712944876460352,14.305035770328166,0.26156118826349667,6.864153711496087,2.494046048500094
AZ,Jan,0.17019945135520756,4.03100284617594e-16,0.1538951295413406,0.1538951295413406,1.2198496174391886,8.648649609035044,1.1029936548089514,15.781001015906424,0.17019945135520756,0.27519793508020474,14.305035770328166,0.26156118826349667,11.083358848761517,1.874655369918169
AZ,Feb,0.18409924308885792,1.7176238890273913e-15,0.1535043868995844,0.1535043868995844,1.4105208517559809,10.862643645316728,1.1761109656131212,16.82712159062615,0.18409924308885794,0.23729300136219697,14.305035770328166,0.26156118826349667,13.496189902993182,2.0040142689650344
AZ,Mar,0.2820025378892454,2.024222234951172e-15,0.1498352402965748,0.1498352402965748,2.2268078081053653,13.247345575329113,1.183160568408774,16.927983266842414,0.2820025378892454,0.0669356915593422,14.305035770328166,0.26156118826349667,17.281401967158093,2.0653945197869947
AZ,Apr,0.19929768637815437,1.6377498083776427e-15,0.15304075913364645,0.15304075913364645,1.4253949593676385,18.931605367648437,1.0945612596474572,15.660355139087565,0.19929768637815443,0.20009851339353016,14.305035770328166,0.26156118826349667,21.78256590023158,1.8707091190691558
AZ,May,0.07335496045208569,-1.342355509160879e-15,0.15575301349917742,0.15575301349917742,0.524785440137129,25.56926360930353,1.1142656643546185,15.942274467767117,0.0733549604520857,0.6401586123068631,14.305035770328166,0.26156118826349667,26.618608942501623,1.871223192810634
AZ,Jun,0.4587676130783484,6.729170107624797e-16,0.1387691781683592,0.1387691781683592,2.651988075243613,25.921539665911496,0.8021800040426904,11.477131716528511,0.4587676130783484,0.001973745421839949,14.305035770328166,0.26156118826349667,32.48422678126534,1.5120011361893586
AZ,Jul,0.46066412589965455,4.365862249101767e-16,0.1386158547850249,0.1386158547850249,2.0001008810167664,26.676689569254886,0.6018391224560261,8.610769211121033,0.46066412589965455,0.001879765703488753,14.305035770328166,0.26156118826349667,33.2665063683564,1.1356403367940318
AZ,Aug,0.4389224473741824,1.1395283522987489e-15,0.14032602154174087,0.14032602154174087,2.0820479535165424,25.717677767918723,0.6656426613037362,9.523633675013656,0.4389224473741824,0.0032355655009012416,14.305035770328166,0.26156118826349667,31.996479078006384,1.2407270122576122
AZ,Sep,0.4779804022753238,1.3961652902509943e-15,0.13717842529657065,0.13717842529657065,2.3076941635403174,22.525079492373845,0.6622988095612358,9.475791760859961,0.4779804022753239,0.0011884402319767748,14.305035770328166,0.26156118826349667,29.362606244438197,1.2628200333968025
AZ,Oct,0.36118910871619364,2.4206396766415575e-16,0.14563087549079237,0.14563087549079237,2.469834436221323,18.081644258283212,0.9958333254916685,14.247812444559818,0.3611891087161937,0.017329770642729815,14.305035770328166,0.26156118826349667,23.248467378321312,1.7885722862694649
AZ,Nov,0.45592849978949707,3.024550371435041e-15,0.13899721027905018,0.13899721027905018,3.6193158312289744,9.616367067655952,1.1034072313792613,15.7869182324269,0.4559284997894972,0.002122195587983368,14.305035770328166,0.26156118826349667,16.138440565856765,2.076361863656727
AZ,Dec,0.19693538617496772,2.5328521861992837e-15,0.15311532825978072,0.15311532825978072,1.2666249990258638,7.788572029617097,0.9847884947176705,14.0897893363533,0.19693538617496772,0.20559294204437673,14.305035770328166,0.26156118826349667,10.6057397732934,1.6822773512887677
OK,Jan,0.30345199538826295,1.7936821216162166e-15,0.14880965796867218,0.14880965796867218,2.424233775097029,3.854837557507131,1.18881867442235,17.008936204657644,0.303451995388263,0.047911557387925394,14.305035770328166,0.26156118826349667,8.19572920611369,2.0895742208963792
OK,Feb,0.031378119018396475,4.30170631843197e-16,0.156096859677391,0.156096859677391,0.33427783776085057,10.104650228521,1.6629333550435277,23.792297309155487,0.03137811901839648,0.841679224180496,14.305035770328166,0.26156118826349667,10.553515343484777,2.786467487219972
OK,Mar,0.29243029336064713,1.287245700892814e-15,0.14934691350604007,0.14934691350604007,2.212563899063653,12.077406671103855,1.129977286082749,16.167067346105217,0.29243029336064724,0.05705129801084478,14.305035770328166,0.26156118826349667,16.260632477955472,1.9790044181034354
OK,Apr,0.13232287168414122,1.7967183540415553e-15,0.15480047406725025,0.15480047406725025,0.8523296536225674,19.29381353466367,0.9971143519111038,14.266140636329888,0.13232287168414125,0.39763139544034154,14.305035770328166,0.26156118826349667,21.186696947337854,1.6847908011389687
OK,May,0.10386614922546754,2.047115244203322e-15,0.1553290624295585,0.1553290624295585,0.5902777844841038,23.927959840940698,0.8827447202060275,12.62980549853685,0.10386614922546754,0.5074443636624177,14.305035770328166,0.26156118826349667,25.413768820937253,1.486468496873375
OK,Jun,0.38895825166429593,3.823855144778544e-15,0.14387591863301522,0.14387591863301522,2.6035565931967595,24.667675530478572,0.9630573331621449,13.778872332352968,0.3889582516642959,0.009942979334161276,14.305035770328166,0.26156118826349667,30.23173723370063,1.7508032116916172
OK,Jul,0.1213831932081801,-5.528175406215431e-16,0.1550189697602409,0.1550189697602409,0.7426721364360741,31.20002416855463,0.948469606187611,13.570159495972455,0.1213831932081801,0.4381141464336874,14.305035770328166,0.26156118826349667,32.9364150893143,1.6003385754010493
OK,Aug,0.04325546488978637,-9.783621204695091e-16,0.15602759017723855,0.15602759017723855,0.286771637657025,31.822257235009303,1.0344192963551067,14.799878399554931,0.04325546488978637,0.7829968513191622,14.305035770328166,0.26156118826349667,32.44102820751987,1.7340775436574163
OK,Sep,0.38892512774009436,-3.059683944168075e-15,0.14387810262487963,0.14387810262487963,2.5928045434128713,22.66969224113847,0.9591763853136962,13.723345954959928,0.38892512774009436,0.00994984647472986,14.305035770328166,0.26156118826349667,28.23328010543997,1.7437213204780806
OK,Oct,0.24866329709409785,-2.980651718000964e-16,0.1512683421394473,0.1512683421394473,1.517328097430431,18.137147410358605,0.9230300911398592,13.206185495702911,0.2486632970940979,0.10785374771677488,14.305035770328166,0.26156118826349667,21.694284770057415,1.596030233602634
OK,Nov,0.3712296616565985,1.5971922015155385e-15,0.14501375362074698,0.14501375362074698,2.9294830305034387,9.495215817344798,1.1443464095133515,16.372652528275008,0.37122966165659854,0.014251122301842643,14.305035770328166,0.26156118826349667,14.805669406349262,2.06405667865255
OK,Dec,0.3083577881994297,1.4850602319668855e-15,0.14856348519434914,0.14856348519434914,2.9021554646263814,4.5410429326467865,1.3982274711410005,20.005037242364132,0.30835778819942977,0.0442438765895249,14.305035770328166,0.26156118826349667,8.952112122898905,2.4617222619398738
VT,Jan,0.2630623990363373,1.1279815981475228e-15,0.15067313792778733,0.15067313792778733,2.6343864487667967,-7.765604248269536,1.5088863866679194,21.588281579931866,0.2630623990363373,0.08831597665374358,14.305035770328166,0.26156118826349667,-4.002487220226389,2.6193528699231403
VT,Feb,0.141320791281211,8.929146994459233e-16,0.15460637934899757,0.15460637934899757,1.2936880676236326,-4.234978241488449,1.415307870335164,20.249413804151217,0.14132079128121106,0.366025381694182,14.305035770328166,0.26156118826349667,-2.2133792671196444,2.3944006054750457
VT,Mar,0.15984832218868605,9.19684826901436e-16,0.15416561524617212,0.15416561524617212,1.2858476880434673,0.48683763684005,1.2401350056467464,17.743140859103338,0.15984832218868608,0.3058774018497659,14.305035770328166,0.26156118826349667,2.7734736035761456,2.1040436621756693
VT,Apr,0.015758265480908158,1.5505971003085097e-16,0.15615436992151763,0.15615436992151763,0.10090072637481037,10.180810067326727,0.9998619055359346,14.305451058793038,0.01575826548090816,0.9201100896257081,14.305035770328166,0.26156118826349667,10.406232618709446,1.6747854590481472
VT,May,0.13882764283017643,1.5175894935897375e-15,0.15466146236579828,0.15466146236579828,1.0018840488545244,15.583185816256568,1.1161527269202192,15.969273477357957,0.13882764283017646,0.37462770851298977,14.305035770328166,0.26156118826349667,17.569120212852585,1.8876210600304948
VT,Jun,0.23087613257320205,-1.999585070277536e-15,0.15195443888796764,0.15195443888796764,1.1741587200555101,18.593060530870044,0.7727894065224761,11.056627892864235,0.23087613257320214,0.13634220824966847,14.305035770328166,0.26156118826349667,21.895751865844726,1.3302126408856545
VT,Jul,0.28981660412300875,2.346404084820122e-15,0.14947112748153127,0.14947112748153127,1.4964797792245603,20.27601037687305,0.7718002235616213,11.042475230025145,0.2898166041230088,0.05941150037635588,14.305035770328166,0.26156118826349667,24.421847265687727,1.3505817944790277
VT,Aug,0.4856754088682868,4.9154857120338835e-15,0.1365176123025731,0.1365176123025731,2.154702218341931,16.6383290733689,0.6056613052666859,8.665454812035438,0.4856754088682869,0.0009618468830180035,14.305035770328166,0.26156118826349667,23.5859331699985,1.1604179711234879
VT,Sep,0.5675755822005408,2.8931073667564776e-15,0.12858118423305018,0.12858118423305018,3.1361431841749923,11.25828589116696,0.7104763086921344,10.165087804779843,0.5675755822005408,7.211256920104553e-05,14.305035770328166,0.26156118826349667,19.37747489691053,1.4452583295372348
VT,Oct,0.2768080107746621,4.750852003687177e-16,0.15007131029914353,0.15007131029914353,1.7863893091797107,8.5111968275043,0.9684899782442297,13.85659950438669,0.2768080107746621,0.07234210053684015,14.305035770328166,0.26156118826349667,12.470945323149225,1.687993454750921
VT,Nov,0.18217579617733046,6.687605389676686e-16,0.15356034638738458,0.15356034638738458,1.301992564805525,3.0751486350174217,1.0974807490382472,15.702125519942536,0.1821757961773305,0.2423147678274463,14.305035770328166,0.26156118826349667,5.681179915822147,1.8693521834770945
VT,Dec,0.22389451331933197,1.0179949140701487e-15,0.15220903845678485,0.15220903845678485,2.1563347202471217,-4.026336221735375,1.4659297786885754,20.97368305417757,0.22389451331933197,0.1489338636159014,14.305035770328166,0.26156118826349667,-0.8235171999221147,2.519103587488281
VA,Jan,0.24386281253581013,4.0737754594860985e-16,0.1514588351594475,0.1514588351594475,2.0083593354797684,2.8600501349407303,1.2473560948892104,17.846456065110583,0.24386281253581013,0.11505103683524923,14.305035770328166,0.26156118826349667,6.348516391318326,2.1541162786803976
VA,Feb,0.1579613433818662,3.634130095097943e-16,0.1542130466465931,0.1542130466465931,1.4621981211414787,6.226503663788977,1.4275013255429028,20.42387077240464,0.1579613433818662,0.3116965954427692,14.305035770328166,0.26156118826349667,8.486146331195663,2.4211890697703624
VA,Mar,0.26968862885066225,7.254941183701482e-16,0.15038714620318386,0.15038714620318386,2.167193664988655,9.356940558809018,1.2084976364640758,17.29049151426299,0.26968862885066225,0.08030436673711452,14.305035770328166,0.26156118826349667,13.2148460413685,2.10188228041845
VA,Apr,0.2697622362348548,-4.703915091103251e-16,0.15038392622182717,0.15038392622182717,1.530714426368225,15.035726391033766,0.8533249448645518,12.208884215329666,0.26976223623485485,0.08021867727735674,14.305035770328166,0.26156118826349667,18.89468482985708,1.484179141754975
VA,May,0.09604660972025678,1.3944225685459036e-15,0.155451745219337,0.155451745219337,0.5759553056606926,21.79597651139089,0.9321855054963828,13.337175916755124,0.0960466097202568,0.5400880268803282,14.305035770328166,0.26156118826349667,23.16992669905791,1.5684838285708254
VA,Jun,0.1470005015364508,-1.950075974578917e-15,0.1544771553517275,0.1544771553517275,0.6002270448742524,25.280786194038402,0.6307554429285853,9.024487350626353,0.1470005015364508,0.3468761723952968,14.305035770328166,0.26156118826349667,27.383633626773513,1.067997030243242
VA,Jul,0.2505332670577767,1.8292210438395655e-15,0.15119306685754202,0.15119306685754202,1.2566092841337926,25.828544231174785,0.7583448447428497,10.849963382035213,0.25053326705777673,0.1051449582885911,14.305035770328166,0.26156118826349667,29.41243157809346,1.3119224500639997
VA,Aug,0.33760924644529217,1.5314615273657573e-15,0.14700423062724535,0.14700423062724535,1.6453371357180508,23.63491777579926,0.7164244531373096,10.25019044623459,0.33760924644529217,0.026823723083566994,14.305035770328166,0.26156118826349667,28.464430122592702,1.2747172680953467
VA,Sep,0.4175233568865942,5.334835148288486e-15,0.14190981733121658,0.14190981733121658,2.1992097205563206,19.11280677521459,0.7474778226645452,10.694484258733,0.4175233568865942,0.005341316849619348,14.305035770328166,0.26156118826349667,25.085493330424814,1.3777143200771507
VA,Oct,0.2557927678070904,4.843391309499161e-16,0.1509781166454093,0.1509781166454093,1.3649723373583105,15.872848768529522,0.8056559008066198,11.526862855165257,0.2557927678070905,0.09780469493943776,14.305035770328166,0.26156118826349667,19.531973461801197,1.395754029979051
VA,Nov,0.10149631655015694,-9.22943203378067e-16,0.15536726730374362,0.15536726730374362,0.7767975893157169,12.323127819730797,1.1890965386953447,17.012911727413645,0.10149631655015696,0.5172310504013391,14.305035770328166,0.26156118826349667,13.775036258537343,2.001847036500404
VA,Dec,0.20640490937826186,9.922506597855142e-16,0.15281081986533507,0.15281081986533507,2.107585790322604,5.530647229625295,1.5603403694507578,22.324455673978715,0.20640490937826195,0.1841926973547391,14.305035770328166,0.26156118826349667,8.483276841452675,2.670782615319415
WA,Jan,0.2872622163581241,1.2899638243952867e-15,0.14959134733137164,0.14959134733137164,1.9594051170331748,-2.407576924589451,1.020357132730474,14.598685022350407,0.2872622163581242,0.061792885303150594,14.305035770328166,0.26156118826349667,1.7017193558772636,1.7840993403108885
WA,Feb,0.1576435017001331,6.962707441814796e-16,0.15422097911539218,0.15422097911539218,1.208145761881473,1.6366263246419464,1.181916287712828,16.910180811822674,0.15764350170013317,0.3126836464044612,14.305035770328166,0.26156118826349667,3.8917222554221396,2.004548475929717
WA,Mar,0.08309220422163158,-7.541963195643391e-16,0.15563369169362115,0.15563369169362115,0.5138848042175423,6.538850243669527,0.9625185651869981,13.771163948967388,0.0830922042216316,0.5962965195365324,14.305035770328166,0.26156118826349667,7.72748719729538,1.6176285282212175
WA,Apr,0.20116512697755862,3.2462366674596175e-16,0.1529811555179665,0.1529811555179665,1.2754432340429542,8.749334543629054,0.9699433628137257,13.877393697778214,0.20116512697755867,0.19582874526780458,14.305035770328166,0.26156118826349667,11.627008880785638,1.6583711743245058
WA,May,0.29194999862028387,1.9511126499407784e-15,0.149369830622308,0.149369830622308,1.9861749959069785,12.11732283103341,1.01618299067283,14.538963790260794,0.29194999862028387,0.057479285876099864,14.305035770328166,0.26156118826349667,16.29367800444383,1.779435843410828
WA,Jun,0.18542812887185087,9.565026279492115e-16,0.15346536981439932,0.15346536981439932,1.3425951663347082,17.333294563929098,1.111168326866827,15.897959538276513,0.18542812887185087,0.2338651691109664,14.305035770328166,0.26156118826349667,19.985850580265947,1.8938377321707585
WA,Jul,0.4346306192338481,1.8447898814743145e-15,0.14065146551605734,0.14065146551605734,3.4303903844228163,18.31138691627502,1.1101137690477862,15.882871529437063,0.4346306192338482,0.00358697609180496,14.305035770328166,0.26156118826349667,24.5287934712951,2.064412734516861
WA,Aug,0.527268826784192,2.3130009932215736e-15,0.13270061520448695,0.13270061520448695,2.823236184422845,17.086019535333953,0.7105392154993073,10.165987839320907,0.527268826784192,0.0002802201663184613,14.305035770328166,0.26156118826349667,24.628618963060784,1.4005171055719983
WA,Sep,0.28498629992299307,8.803163786024691e-16,0.14969748428537727,0.14969748428537727,2.050695467021539,16.012912545695816,1.0771884561872,15.411795024657035,0.28498629992299307,0.06397816931468032,14.305035770328166,0.26156118826349667,20.089651760147703,1.8821337842052666
WA,Oct,0.07147524762050925,8.640549584619508e-16,0.15577432777763892,0.15577432777763892,0.445325248482552,11.770108250544816,0.9705491556055038,13.88606103382389,0.07147524762050926,0.6487734503074115,14.305035770328166,0.26156118826349667,12.792564224449263,1.6296522927107744
WA,Nov,0.3846764196648535,2.4145762783189344e-15,0.14415642352242347,0.14415642352242347,2.5616546609909516,-0.2867688357687088,0.9599729937949752,13.734743372522157,0.3846764196648535,0.010865074209981902,14.305035770328166,0.26156118826349667,5.216041107538789,1.7418001281005897
WA,Dec,0.24935375450742261,1.218195217154493e-15,0.1512406179402626,0.1512406179402626,1.6150616505102409,-2.6904522708841965,0.979583894845739,14.015324904478973,0.24935375450742261,0.10684744298209801,14.305035770328166,0.26156118826349667,0.8765621068101119,1.6941290708084684
TN,Jan,0.28162014096021454,1.5447633293338713e-15,0.14985278110536815,0.14985278110536815,2.42243812563767,3.3202521350034075,1.2890025867637205,18.442310200549308,0.2816201409602146,0.06732243280389055,14.305035770328166,0.26156118826349667,7.348838325084137,2.2498951689897058
TN,Feb,0.11933908702098336,1.9919944524465793e-16,0.1550576747385998,0.1550576747385998,1.045493605738181,8.145869242506805,1.3584133372105711,19.435399434146305,0.11933908702098339,0.44592329810278464,14.305035770328166,0.26156118826349667,9.853019151140277,2.2914583701372195
TN,Mar,0.2536996574545038,2.4883531251715395e-15,0.15106423151786982,0.15106423151786982,2.0433421784195516,11.35396331072013,1.2166981974201316,17.407820440149635,0.2536996574545038,0.1006771489691819,14.305035770328166,0.26156118826349667,14.98314598552681,2.1066603462489293
TN,Apr,0.2962843162277357,-2.8244143441540343e-16,0.14916152678265676,0.14916152678265676,1.8010600690296727,15.81823322905635,0.9067265967505655,12.972924442569445,0.29628431622773577,0.053708668246196654,14.305035770328166,0.26156118826349667,20.05659097088133,1.589984302197219
TN,May,0.26137569571253066,4.5944570531822687e-17,0.15074471601715417,0.15074471601715417,1.4206604555893836,20.533450003754332,0.819345717476958,11.722728905563889,0.26137569571253066,0.09045117799227309,14.305035770328166,0.26156118826349667,24.272438680416492,1.4216686668970393
TN,Jun,0.3291451333600341,-2.241934535222467e-15,0.14747165756513994,0.14747165756513994,1.6179816748962506,23.595952800728398,0.7249277456154052,10.37185068122354,0.3291451333600341,0.03114606397716525,14.305035770328166,0.26156118826349667,28.30438570707312,1.2857586717270673
TN,Jul,0.13169001152486326,2.4547014061390382e-15,0.15481363626085026,0.15481363626085026,0.5856254694331797,27.902954344026114,0.6884562265589954,9.850037090754112,0.13169001152486332,0.39991235234202316,14.305035770328166,0.26156118826349667,29.78678466948421,1.163162580735218
TN,Aug,0.16049294195341712,-2.451834348234523e-15,0.1541492795314869,0.1541492795314869,0.8673141144755606,27.061616601600097,0.8330325573613218,11.918552365814985,0.16049294195341718,0.3039054797003878,14.305035770328166,0.26156118826349667,29.357473877128932,1.413493376211987
TN,Sep,0.4810326885649923,1.3763609236741281e-15,0.1369179523346395,0.1369179523346395,2.8734044231615408,19.48921586901404,0.8178667670636256,11.701568930732197,0.4810326885649923,0.0010934295701739078,14.305035770328166,0.26156118826349667,26.370405685633383,1.562411647170575
TN,Oct,0.3365327168454863,2.9186777191319193e-15,0.14706442345503165,0.14706442345503165,1.8395201648737989,15.889419272584664,0.8038682687879012,11.501286440849121,0.33653271684548636,0.02734411754053311,14.305035770328166,0.26156118826349667,20.703531824945067,1.4297185862614519
TN,Nov,0.14492038180504602,9.272804214302899e-17,0.15452508541614,0.15452508541614,1.128599185426994,12.422550872405068,1.203397916542198,17.217527644600533,0.14492038180504602,0.3538168249288435,14.305035770328166,0.26156118826349667,14.495642117975866,2.0369649895803708
TN,Dec,0.27997457964302747,1.0507900275676506e-15,0.14992796927058896,0.14992796927058896,2.821351144092884,5.294098071696638,1.5108494784506175,21.61636837198367,0.2799745796430276,0.06900693182737375,14.305035770328166,0.26156118826349667,9.299144448272738,2.6357962880002086
AR,Jan,0.3122194127529488,1.85959022473255e-15,0.14836663867169286,0.14836663867169286,2.4581755170719495,4.381223403436351,1.1681247988945593,16.71286009460634,0.31221941275294884,0.041520180987577364,14.305035770328166,0.26156118826349667,8.847533271058138,2.0593316204663252
AR,Feb,0.02727485973795683,7.619446252258327e-16,0.15611566084674677,0.15611566084674677,0.25683157130389883,10.866494628473259,1.470050840430833,21.032644843538403,0.02727485973795683,0.8621679497634558,14.305035770328166,0.26156118826349667,11.256662472655414,2.46297035509012
AR,Mar,0.17683872136811932,7.829942964307232e-16,0.15371243872933388,0.15371243872933388,1.338467581497608,14.0098507714535,1.1634279784452324,16.645660679669366,0.17683872136811934,0.2566238495959164,14.305035770328166,0.26156118826349667,16.539535006203543,1.9797200995358346
AR,Apr,0.1185575809493905,-5.984276176005134e-16,0.15507229627872537,0.15507229627872537,0.7072432237700009,19.70343323477241,0.9250680543524219,13.235343505259552,0.11855758094939053,0.448928950659071,14.305035770328166,0.26156118826349667,21.39940367109702,1.5603167382400822
AR,May,0.14593830404100003,-1.9680582799888914e-16,0.15450171768037488,0.15450171768037488,0.7348247128214719,23.410058436696605,0.7779429881068778,11.130362384322472,0.14593830404100003,0.3504098726799908,14.305035770328166,0.26156118826349667,25.497711096264137,1.3170060205507774
AR,Jun,0.3281266608779089,2.5255130308701674e-16,0.1475270040945058,0.1475270040945058,1.75055360879385,25.10306696220733,0.7870556105414266,11.26074056308189,0.3281266608779089,0.031702911366032475,14.305035770328166,0.26156118826349667,29.796930583264157,1.3954272438881183
AR,Jul,0.07012023705760545,1.0383936432709337e-15,0.15578934748289427,0.15578934748289427,0.37974568272731707,30.74514119496261,0.8436984043983379,12.071153191932892,0.07012023705760546,0.6550118177065158,14.305035770328166,0.26156118826349667,31.748213694295547,1.416520197022303
AR,Aug,0.010698538722899602,-1.6903612133138119e-15,0.15616482390755582,0.15616482390755582,0.06757574748341923,31.28923957772326,0.9863921587330086,14.112733641921047,0.010698538722899602,0.9457142857969738,14.305035770328166,0.26156118826349667,31.44228255684458,1.6521128041275772
AR,Sep,0.4654633840569396,6.418295006727561e-15,0.138224264406749,0.138224264406749,2.639144265396837,21.342545071396632,0.7837217431976196,11.213041499981996,0.4654633840569397,0.0016593853124522266,14.305035770328166,0.26156118826349667,28.00101543010915,1.483033324854499
AR,Oct,0.28195980110444785,3.1355345101198113e-15,0.14983720194550176,0.14983720194550176,1.4856134837560941,18.01267637700317,0.7894748354431679,11.295353446361531,0.2819598011044479,0.06697882626372323,14.305035770328166,0.26156118826349667,22.04612141759691,1.378135559003227
AR,Nov,0.25006224188584336,-2.1787796846457126e-16,0.15121208455893717,0.15121208455893717,1.842257302902418,11.933394172678764,1.1140089162000373,15.938601062330363,0.2500622418858434,0.10582232305605171,14.305035770328166,0.26156118826349667,15.510543487664206,1.9269722833815015
AR,Dec,0.3161253761881648,1.756998132700477e-15,0.14816476874024742,0.14816476874024742,3.050660655789878,5.733132941375223,1.429813816341774,20.45695656531664,0.31612537618816483,0.038905846572639485,14.305035770328166,0.26156118826349667,10.255317755655367,2.5241074783004778
NC,Jan,0.25657957408489357,1.2477808487415284e-15,0.15094555004084112,0.15094555004084112,1.962809549030241,5.7658156405574275,1.1547192252558531,16.52106083058621,0.25657957408489357,0.09674138791558118,14.305035770328166,0.26156118826349667,9.436195625777396,2.000918427783432
NC,Feb,0.16583989021200793,9.996017432589465e-16,0.1540111756171839,0.1540111756171839,1.3779568306148577,9.166942929759339,1.2796725272877487,18.308821057228453,0.16583989021200793,0.28786309318995745,14.305035770328166,0.26156118826349667,11.539288491389408,2.1733011613229296
NC,Mar,0.2255677598771976,1.1317506752317906e-15,0.15214877072064845,0.15214877072064845,1.622170049171353,12.409138031649015,1.0941775500880218,15.654865242639962,0.22556775987719765,0.14584099449218227,14.305035770328166,0.26156118826349667,15.63589290532512,1.881016710267936
NC,Apr,0.2759102670448442,1.3009334389022811e-15,0.1501116271263426,0.1501116271263426,1.4642434280425316,16.61177629118259,0.796635681037537,11.397806720781375,0.2759102670448442,0.07331039903535591,14.305035770328166,0.26156118826349667,20.558682530659883,1.388093509704633
NC,May,0.16230945024450902,4.016687951360607e-15,0.15410288314687257,0.15410288314687257,0.7760414677213132,22.157975463947412,0.7368038486805902,10.541767156916372,0.16230945024450905,0.29839253834080864,14.305035770328166,0.26156118826349667,24.479817955557415,1.2505884785707457
NC,Jun,0.1676023913455683,3.85835335613943e-15,0.15396463312732053,0.15396463312732053,0.7388991383406024,25.766838401003056,0.6787751286802401,9.711525491169084,0.16760239134556834,0.2826979358699278,14.305035770328166,0.26156118826349667,28.16439660439395,1.1531299468917278
NC,Jul,0.2394414399663031,-4.74891714516255e-15,0.15163079332240537,0.15163079332240537,1.0445998318585903,26.33816549484396,0.6615124818471698,9.464541434622445,0.23944143996630318,0.12199638769548814,14.305035770328166,0.26156118826349667,29.76338385846081,1.1411006103172168
NC,Aug,0.3228654746629067,1.922746426374119e-15,0.14780985521704995,0.14780985521704995,1.3754037382414182,24.267093994293187,0.629668525650537,9.008936361194726,0.3228654746629067,0.03471188830280102,14.305035770328166,0.26156118826349667,28.88569615835005,1.1142480827102563
NC,Sep,0.41702233069225586,1.835267907944164e-15,0.14194574502029222,0.14194574502029222,1.9206065752457961,20.137502562892713,0.6537346111935657,9.353260119312091,0.41702233069225597,0.0054023352909012955,14.305035770328166,0.26156118826349667,26.103021920471054,1.204626469700233
NC,Oct,0.3174918615774594,3.3290556951001775e-15,0.14809348710437487,0.14809348710437487,1.5757836675339916,16.65849882266203,0.735021354839659,10.516264256702993,0.3174918615774594,0.038023656928563604,14.305035770328166,0.26156118826349667,21.200231259315665,1.2981871298324439
NC,Nov,0.05450817617816954,-5.586204727379194e-16,0.15594158214597065,0.15594158214597065,0.3686788367211013,15.214178867427876,1.054747473371713,15.090722304913712,0.05450817617816957,0.7284713135242291,14.305035770328166,0.26156118826349667,15.993920277431942,1.769130456780828
NC,Dec,0.23021054272368421,1.5551510262990593e-15,0.15197906675646972,0.15197906675646972,2.2245966272723043,8.072903551998614,1.4686213555746586,21.01219259354661,0.23021054272368427,0.13750733232801063,14.305035770328166,0.26156118826349667,11.366073600367576,2.527547741089826
IA,Jan,0.12755708603005123,4.994050477110208e-16,0.15489801442644974,0.15489801442644974,1.4179313732750238,-4.620670114588881,1.7218545919238584,24.63530859486231,0.12755708603005123,0.41499349129820473,14.305035770328166,0.26156118826349667,-2.7959614361701717,2.907528122604903
IA,Feb,-0.030563165736664483,-1.3134058948082165e-16,0.1561008033369552,0.1561008033369552,-0.41555120668674944,-0.24196254472734596,2.1224200971310134,30.366370253332224,-0.030563165736664483,0.8457407519148856,14.305035770328166,0.26156118826349667,-0.6791697238447996,3.5563091972153216
IA,Mar,0.16693172659583888,6.36832179282943e-16,0.15398240306936972,0.15398240306936972,1.8280207465397411,4.707816255009978,1.6862164739621708,24.125418829580024,0.16693172659583894,0.2846561993110311,14.305035770328166,0.26156118826349667,7.095780575166095,2.8642804359945893
IA,Apr,0.0878558238714723,8.794010636928664e-16,0.15556986934837308,0.15556986934837308,0.7215714570851544,13.597569635791594,1.2777158343933412,18.280825816802697,0.0878558238714723,0.5753307242919535,14.305035770328166,0.26156118826349667,14.854350338904656,2.148236501752275
IA,May,-0.004653469138555028,-7.113341997740105e-16,0.15617207092561253,0.15617207092561253,-0.03164400268061729,21.055284425667395,1.061983927230293,15.19425733904189,-0.004653469138555028,0.9763734762755226,14.305035770328166,0.26156118826349667,20.988716383184247,1.778639268063485
IA,Jun,0.42054997082781975,-4.557684083696649e-15,0.141691671617543,0.141691671617543,2.3863570656991224,20.15327977325683,0.8040112832481409,11.503332609775379,0.4205499708278199,0.004985299825416534,14.305035770328166,0.26156118826349667,26.16926214915926,1.4841955368504895
IA,Jul,0.1515431744955399,2.2489011246982805e-15,0.15437005477524626,0.15437005477524626,0.9202796858858281,25.805289245323358,0.9374465461189269,13.412447870539367,0.15154317449553992,0.3320114106237617,14.305035770328166,0.26156118826349667,27.97311977723114,1.588388582833462
IA,Aug,0.1635348018081565,3.1910949792299963e-15,0.1540712828845686,0.1540712828845686,0.9593419877069329,24.348739041855637,0.9038262751217467,12.931428303066472,0.1635348018081565,0.2947102608775591,14.305035770328166,0.26156118826349667,26.688110231414843,1.534392847768596
IA,Sep,0.5601632237817646,1.2650820264048659e-15,0.12937157326414295,0.12937157326414295,3.390844121863885,14.895619795575678,0.7831268103918012,11.204529542390869,0.5601632237817649,9.378940272439616e-05,14.305035770328166,0.26156118826349667,22.908774748996162,1.583312113464531
IA,Oct,0.07692689853670552,9.80152317255223e-16,0.15571097775119216,0.15571097775119216,0.4927333595897128,14.416997093117383,0.9973623615637545,14.269689016289622,0.07692689853670555,0.6239169858527672,14.305035770328166,0.26156118826349667,15.51743912838536,1.675355766095981
IA,Nov,0.3415613510025638,1.9141643041490805e-15,0.1467813907508833,0.1467813907508833,3.8427274557470112,2.192198158608842,1.651360373694376,23.626717725236976,0.34156135100256385,0.024983337933384413,14.305035770328166,0.26156118826349667,7.078245502462131,2.9426876212654607
IA,Dec,0.3072589153840929,1.455345656189076e-15,0.14861900535958697,0.14861900535958697,3.7462604567546474,-4.988001448488161,1.8120401883370443,25.92563241713591,0.30725891538409295,0.0450449240465861,14.305035770328166,0.26156118826349667,-0.5926516731664777,3.1890900070007357
NV,Jan,0.14257297065379507,6.179204831408827e-16,0.15457833660410344,0.15457833660410344,1.5198805497573962,1.1573207910971313,1.6478621869283105,23.576667674025504,0.1425729706537951,0.36175002955534274,14.305035770328166,0.26156118826349667,3.1968322361816175,2.7883389171882924
NV,Feb,0.10721251563714966,4.2210286579902994e-16,0.15527359617947345,0.15527359617947345,1.0609547052732642,4.302378650807957,1.5365580360865114,21.984191679398617,0.10721251563714966,0.49378614224179207,14.305035770328166,0.26156118826349667,5.836057522024251,2.588359873433155
NV,Mar,0.16584646682273743,1.2320050441119116e-15,0.15401100288872413,0.15401100288872413,1.4421352087212524,8.077174658317968,1.3392187005930791,19.160773575112636,0.16584646682273746,0.287843706700945,14.305035770328166,0.26156118826349667,10.449614298599771,2.274432528206515
NV,Apr,0.09032393815343037,4.0177721342274623e-16,0.15553539211354284,0.15553539211354284,0.7576884094507371,13.854395996742241,1.3047190620012987,18.667172520118722,0.0903239381534304,0.5646016637955126,14.305035770328166,0.26156118826349667,15.146483162943971,2.194123559723098
NV,May,-0.03061875361276953,1.637034652431053e-16,0.15610053764123596,0.15610053764123596,-0.2686330664723597,20.780064029884965,1.3695451694369682,19.594667309267585,-0.03061875361276954,0.8454635888363274,14.305035770328166,0.26156118826349667,20.342061664211432,2.2948022300971043
NV,Jun,0.35145242570902274,1.6019615458350974e-15,0.14621077272239247,0.14621077272239247,3.038237666917301,21.846077219328375,1.2639636107165244,18.08406688272487,0.3514524257090228,0.020833680778159374,14.305035770328166,0.26156118826349667,26.87361674066455,2.26114545313665
NV,Jul,0.5733216765400966,5.887590795135232e-16,0.127957906112952,0.127957906112952,3.6259449791077114,23.21443691054936,0.809263535974024,11.578478831371111,0.5733216765400967,5.856391879604437e-05,14.305035770328166,0.26156118826349667,31.415824001359958,1.6542309773405952
NV,Aug,0.4748951494437488,1.892177198345053e-15,0.13743952967731637,0.13743952967731637,2.5587644856893257,23.679224763554622,0.7405327004920633,10.595117431388454,0.4748951494437489,0.0012918681828189026,14.305035770328166,0.26156118826349667,30.472616863502786,1.409307886482446
NV,Sep,0.5157314230566453,3.9956937331840613e-16,0.13380191942113423,0.13380191942113423,3.6359268733074677,18.132887269607775,0.9433088091473307,13.496321769907153,0.5157314230566453,0.0004008469935960929,14.305035770328166,0.26156118826349667,25.510443724315333,1.84401669338854
NV,Oct,0.2224905913843888,8.951826387412251e-16,0.15225924111851463,0.15225924111851463,1.902352009002949,14.80979506056699,1.3018558287287392,18.62620701955937,0.2224905913843888,0.151565879603189,14.305035770328166,0.26156118826349667,17.99253092888214,2.236415701330077
NV,Nov,0.3664827960942944,1.6677371402746114e-15,0.14530794551042678,0.14530794551042678,3.667418818467995,4.225655445606094,1.4541067125583351,20.804525400551025,0.36648279609429446,0.01564318742234132,14.305035770328166,0.26156118826349667,9.468204952944859,2.617460994735441
NV,Dec,0.03926592021397644,1.5176000546970925e-16,0.15605332011767642,0.15605332011767642,0.29026912687054507,2.6572160310136743,1.1536075234952543,16.505155238983846,0.03926592021397644,0.8025928342981506,14.305035770328166,0.26156118826349667,3.2189164242294592,1.9335631847345096
WI,Jan,0.18320210415377786,1.1874053326973053e-15,0.15353056333795229,0.15353056333795229,1.833094229198193,-7.781839106192842,1.5362050068164812,21.97914073894696,0.18320210415377786,0.23962638400942202,14.305035770328166,0.26156118826349667,-5.161126453073663,2.61714409341925
WI,Feb,-0.06219091389544728,-1.825025675825747e-16,0.15587145190116378,0.15587145190116378,-0.6814105044855449,-2.0448267624339813,1.7078450535945846,24.43486815022082,-0.06219091389544728,0.6919722984431663,14.305035770328166,0.26156118826349667,-2.9344700102977535,2.8658614270904823
WI,Mar,0.16636260565932035,9.917411676000575e-16,0.15399742502109517,0.15399742502109517,1.6504811470610552,1.4393185208674004,1.5278063582014252,21.85897768837221,0.16636260565932037,0.2863248806473537,14.305035770328166,0.26156118826349667,3.819141545668977,2.59494498971622
WI,Apr,-0.06482342474117636,2.3625230860299757e-16,0.1558452894195523,0.1558452894195523,-0.5395023717565103,12.517115503771654,1.297045066727563,18.55737739420582,-0.06482342474117636,0.6796177963307033,14.305035770328166,0.26156118826349667,11.589814094093951,2.176880996199072
WI,May,-0.04927447701670712,1.4052391295415353e-16,0.15598405374367755,0.15598405374367755,-0.36461958577471865,19.107688951199876,1.154245453365178,16.514282373923788,-0.04927447701670713,0.7536852585191087,14.305035770328166,0.26156118826349667,18.402815794911668,1.9354915139341382
WI,Jun,0.2875485386153277,1.488831612488101e-15,0.1495779295983583,0.1495779295983583,1.5969556774219127,19.252449781516006,0.8307095735536477,11.885316444947257,0.28754853861532775,0.061522229319941876,14.305035770328166,0.26156118826349667,23.365841912113858,1.4526299684986377
WI,Jul,0.18994465774254715,4.050297137354082e-15,0.1533305871347892,0.1533305871347892,1.109812678618365,23.045427101684872,0.8958832095864192,12.817783474072305,0.1899446577425472,0.2224681423663134,14.305035770328166,0.26156118826349667,25.76259222507475,1.5282552635029483
WI,Aug,0.19094819060274992,3.903293513261092e-16,0.1533001828476099,0.1533001828476099,0.946079003617769,21.739390024417315,0.7595467848376664,10.867160052002136,0.19094819060274992,0.2199887384527413,14.305035770328166,0.26156118826349667,24.470910721269092,1.2959407868505086
WI,Sep,0.5500831503127037,6.830505122020029e-16,0.13042225305242025,0.13042225305242025,3.0771018450557266,12.280118065868532,0.7295670759516791,10.43822756057426,0.5500831503127037,0.00013276918779120566,14.305035770328166,0.26156118826349667,20.149077207746565,1.4631431894306226
WI,Oct,0.0652375149293701,-1.016617856329373e-15,0.1558410749767164,0.1558410749767164,0.43517751329613735,11.756603245454947,1.0395633793100272,14.87347699006683,0.0652375149293701,0.677681869135176,14.305035770328166,0.26156118826349667,12.689828230086905,1.7447866861042363
WI,Nov,0.300373810687933,1.5700188589453541e-15,0.14896190164854722,0.14896190164854722,3.06900624712082,0.22114210014939673,1.5219869059002302,21.775716300351725,0.30037381068793306,0.05033584311974555,14.305035770328166,0.26156118826349667,4.5180002065100595,2.672446439143786
WI,Dec,0.27647473251296983,1.3029520899773475e-15,0.15008629406248838,0.15008629406248838,2.9692888705643226,-6.625442158880723,1.6118997874899288,23.0621382752414,0.2764747325129699,0.07270038798845413,14.305035770328166,0.26156118826349667,-2.670461220690778,2.8091200892868082
ME,Jan,0.34461656609148217,1.3450715549513286e-15,0.14660710913246466,0.14660710913246466,3.010126127642422,-9.848633868045331,1.280570736058598,18.321672113500146,0.3446165660914823,0.023633826922108178,14.305035770328166,0.26156118826349667,-4.918881563059018,2.2846614012169804
ME,Feb,0.13261162829332448,6.517113890412989e-16,0.154794447184188,0.154794447184188,1.106596945356854,-5.040672954798191,1.2917046914870598,18.480970366179623,0.1326116282933245,0.3965931719136777,14.305035770328166,0.26156118826349667,-3.143658868500722,2.182635231022683
ME,Mar,0.1375622546521626,5.098345557207501e-16,0.15468903709519738,0.15468903709519738,0.8505131543053864,-0.4132176869639963,0.956403783937478,13.683677163626419,0.1375622546521626,0.379039434235515,14.305035770328166,0.26156118826349667,1.5546152864821818,1.6171676731845008
ME,Apr,0.0723001448073815,2.192423625279731e-16,0.15576504265617117,0.15576504265617117,0.3728225408255076,7.390609008582616,0.8032171875946001,11.491971144312169,0.0723001448073815,0.6449872380424475,14.305035770328166,0.26156118826349667,8.424865166252115,1.348765027366582
ME,May,0.09199125594582276,1.2950884775183035e-16,0.15551155621944282,0.15551155621944282,0.5620414758797675,14.615299197367989,0.9501331803254287,13.593960961234272,0.09199125594582278,0.5574066050512743,14.305035770328166,0.26156118826349667,15.931237404230398,1.5980674986224808
ME,Jun,0.17388301720188915,2.6073669204199735e-15,0.153794660087512,0.153794660087512,0.8331830619425074,18.17150612168681,0.7369270896268311,10.543530417737818,0.17388301720188915,0.26478651397429176,14.305035770328166,0.26156118826349667,20.658908902612424,1.25330440677638
ME,Jul,0.3583116465608981,1.6498267607719937e-15,0.14580414226264893,0.14580414226264893,1.6541171209430712,18.40734784492737,0.6730931867158181,9.630231522231067,0.35831164656089814,0.01830923821717258,14.305035770328166,0.26156118826349667,23.5330087659062,1.2074763514764255
ME,Aug,0.4934784884231181,3.475459395306775e-15,0.13583337905303938,0.13583337905303938,2.1454105995359267,15.837131651691909,0.5905391582972189,8.449095800678132,0.4934784884231182,0.0007722110627718629,14.305035770328166,0.26156118826349667,22.896359080472088,1.137144088126029
ME,Sep,0.5498140347796621,2.0193731843732572e-15,0.1304499275172333,0.1304499275172333,2.960177345492468,10.610052247602148,0.7023373281338663,10.04863993592903,0.5498140347796622,0.0001339865579156441,14.305035770328166,0.26156118826349667,18.47516168215367,1.4082352486108887
ME,Oct,0.33701409927394677,1.4563589958613342e-15,0.14703753435611638,0.14703753435611638,2.136801902877952,6.934150972424243,0.9322757827744108,13.338467552305394,0.33701409927394677,0.027110390078048576,14.305035770328166,0.26156118826349667,11.75514971764298,1.6584007790906825
ME,Nov,0.2806485019043223,8.753345890011338e-16,0.1498972345844637,0.1498972345844637,1.7680982495654596,0.8692912907476602,0.9443593544420467,13.511352369848401,0.28064850190432233,0.06831307711418053,14.305035770328166,0.26156118826349667,4.883978149378002,1.6478473107282516
ME,Dec,0.2559849163814581,1.115233040658472e-15,0.15097017332501414,0.15097017332501414,2.328136415041158,-5.353889900421706,1.3730463617601634,19.644760362267778,0.25598491638145815,0.09754419526043116,14.305035770328166,0.26156118826349667,-1.6920165149204833,2.378851597061486
FL,Jan,0.12185651079857172,-8.433081061894109e-16,0.15500991241129078,0.15500991241129078,0.7803248586329857,17.733339988215747,0.9926272071665925,14.201941141198688,0.12185651079857172,0.43631678021416087,14.305035770328166,0.26156118826349667,19.476501734036695,1.6749428973308587
FL,Feb,0.22599881131282137,-6.938680359005205e-17,0.1521331683407498,0.1521331683407498,1.4356295715375413,17.88407653418562,0.9664071860066842,13.826800106835016,0.22599881131282143,0.14505195272837115,14.305035770328166,0.26156118826349667,21.116997614067177,1.6615351844386925
FL,Mar,0.2924784019209834,2.8052629653729695e-16,0.14934461575127597,0.14934461575127597,1.7650565890952152,19.279186131519552,0.9012689359158148,12.894839359484726,0.2924784019209835,0.057008569750515985,14.305035770328166,0.26156118826349667,23.463100133047636,1.5784765499395224
FL,Apr,0.4362417877078847,-1.3698345095703587e-15,0.1405297557812483,0.1405297557812483,1.779408781884965,19.893857297776982,0.573213957487143,8.201216757682234,0.4362417877078847,0.00345132217835452,14.305035770328166,0.26156118826349667,26.134311675450178,1.0668952138715997
FL,May,0.3315220423446301,-9.152827608473395e-15,0.14734174109620005,0.14734174109620005,0.9676479710053866,24.321183119369863,0.43006171115441766,6.15307646697737,0.3315220423446301,0.029877873755239523,14.305035770328166,0.26156118826349667,29.063617793762045,0.763445927537524
FL,Jun,0.1714786192664613,-6.236279812474999e-16,0.15386049138150362,0.15386049138150362,0.6068429187746808,28.086732481686163,0.5444944102854687,7.790313937353231,0.1714786192664613,0.2715523720483452,14.305035770328166,0.26156118826349667,30.539740264139375,0.9256346686425571
FL,Jul,0.14648399924257668,5.625403891067755e-15,0.15448912172342633,0.15448912172342633,0.3473189433315294,28.98831130007217,0.3662993828038567,5.240801619257553,0.14648399924257668,0.3485917264708577,14.305035770328166,0.26156118826349667,31.08377014901795,0.6201711858902611
FL,Aug,0.31571815801341463,-2.413746740340899e-15,0.1481859448834154,0.1481859448834154,0.7690966074933024,26.474830489817805,0.36098432920409296,5.164756878753586,0.31571815801341474,0.03917195620646725,14.305035770328166,0.26156118826349667,30.99119003354182,0.6371689984863808
FL,Sep,0.36467897496069496,9.505579569536253e-15,0.14541859219723177,0.14541859219723177,1.020710634639921,24.763261756168294,0.4070163451185474,5.823356578527971,0.36467897496069496,0.01620155088483603,14.305035770328166,0.26156118826349667,29.980007537667646,0.7320912495665002
FL,Oct,0.5250239985191343,4.737473641527885e-15,0.13291752449004038,0.13291752449004038,1.7494996993990453,19.89825690867675,0.4429115046094718,6.336923946683427,0.5250239985191344,0.00030073742066850044,14.305035770328166,0.26156118826349667,27.408743987773686,0.8715815306198187
FL,Nov,0.12951525575926506,-3.16184093689166e-17,0.1548583773556021,0.1548583773556021,0.5765072007481856,21.985708193861285,0.6893162440077861,9.862341727479711,0.12951525575926506,0.4078081406271077,14.305035770328166,0.26156118826349667,23.838428560300773,1.1642791236149068
FL,Dec,0.3167499241349878,3.0509028412629306e-15,0.14813223209147267,0.14813223209147267,2.169414070776988,16.39497112267257,1.0145547769662313,14.51566824178151,0.31674992413498787,0.038500589863770196,14.305035770328166,0.26156118826349667,20.926090117672302,1.7914274920115134
CA,Jan,0.32831934583280803,1.059017897103005e-15,0.1475165478234699,0.1475165478234699,2.0819085350945006,5.651960271315526,0.9354184085690536,13.383430440932765,0.32831934583280803,0.03159693562128106,14.305035770328166,0.26156118826349667,10.348580257544588,1.6585878267817205
CA,Feb,0.2675722646276216,1.3816392467821437e-15,0.15047932223253166,0.15047932223253166,1.9896595726335764,8.312671456070365,1.1189598607316256,16.009436338981367,0.2675722646276216,0.08279887563885291,14.305035770328166,0.26156118826349667,12.140302272716207,1.9449613837298898
CA,Mar,0.1900411098250666,9.434188540463546e-16,0.1533276721223216,0.1533276721223216,1.4872358990615056,11.903763074371987,1.199921524925607,17.167789425895542,0.19004110982506667,0.22222900739072732,14.305035770328166,0.26156118826349667,14.622307948252429,2.04694231340122
CA,Apr,0.11682667482564821,8.702577717404501e-16,0.1551043337326942,0.1551043337326942,0.8538131237472647,16.318626951079164,1.133560600682063,16.21833535756253,0.11682667482564821,0.45562521132474354,14.305035770328166,0.26156118826349667,17.98983671338856,1.9115871913293014
CA,May,-0.01340596856440372,-1.0715100913416283e-15,0.1561597274843036,0.1561597274843036,-0.09773421858935173,22.367873377719746,1.1384592517492127,16.288422449297112,-0.01340596856440372,0.9320052803621295,14.305035770328166,0.26156118826349667,22.176100517870058,1.9068729145100896
CA,Jun,0.34493629487599103,3.3578916056838433e-15,0.14658876878393792,0.14658876878393792,2.2075309567524926,22.133624531047197,0.9381420564023696,13.422398833032878,0.34493629487599103,0.023496188913524257,14.305035770328166,0.26156118826349667,27.067950567732712,1.6739450987151694
CA,Jul,0.5226484734592053,1.4546539928250394e-15,0.13314567239615216,0.13314567239615216,2.5017944385770483,23.040587135275924,0.6373367944932783,9.11864955661515,0.5226484734592053,0.0003239145958564914,14.305035770328166,0.26156118826349667,30.517092243417267,1.2520314501526935
CA,Aug,0.5597462866293861,7.725505299010869e-16,0.12941558079045978,0.12941558079045978,2.172450079427641,22.09240587951887,0.5022791494703748,7.186322181910953,0.5597462866293862,9.516864187760717e-05,14.305035770328166,0.26156118826349667,30.099596532060602,1.0151538970270144
CA,Sep,0.5106159049468469,-3.630019431224375e-16,0.13427959524043273,0.13427959524043273,2.843370124492238,19.792412501783097,0.7477373613642158,10.698197589689448,0.510615904946847,0.00046791347908210366,14.305035770328166,0.26156118826349667,27.09679128694623,1.456506272581803
CA,Oct,0.27845308568368493,2.5380530768268422e-15,0.14999706331054022,0.14999706331054022,1.9494251996339136,17.48417719365687,1.050116052299087,15.024458586773955,0.27845308568368493,0.07059392527042606,14.305035770328166,0.26156118826349667,21.467458544720234,1.8311665334758624
CA,Nov,0.39588272125024926,1.3520802422000507e-15,0.14341453399622225,0.14341453399622225,2.761779619967615,8.788258700123176,1.0004966520060512,14.314532647473156,0.39588272125024937,0.008593756399745611,14.305035770328166,0.26156118826349667,14.451375188462846,1.8247180802417573
CA,Dec,0.21387095754163526,2.7380064891978956e-15,0.15256020111388127,0.15256020111388127,1.065702468933904,6.791493162878168,0.7601957033201446,10.876444405712226,0.21387095754163526,0.1684769998451302,14.305035770328166,0.26156118826349667,9.850924860745597,1.3033392065653853
CT,Jan,0.26723043831483506,1.2851405759715482e-15,0.15049413673353593,0.15049413673353593,2.3564207466973843,-2.4285432868600667,1.3270475784551754,18.986636135621882,0.2672304383148351,0.08320738800836204,14.305035770328166,0.26156118826349667,1.3941976921541235,2.306429665878028
CT,Feb,0.14096631420425373,6.369231301684799e-16,0.15461427207177408,0.15461427207177408,1.1923052081173706,0.807941388531896,1.3077408094343832,18.710405950432133,0.14096631420425373,0.36724117301697035,14.305035770328166,0.26156118826349667,2.824469555635065,2.2123070236202897
CT,Mar,0.1656364900007139,1.0063874894196702e-15,0.15401651425393562,0.15401651425393562,1.2151042908630278,4.6626579719014565,1.1298604995367703,16.165396431143286,0.16563649000071395,0.2884630936395773,14.305035770328166,0.26156118826349667,7.032093886233272,1.9188049818058643
CT,Apr,0.11888981605930134,2.7289280880412137e-15,0.1550660922534823,0.1550660922534823,0.6153589070396995,11.530972714257336,0.8026028150335826,11.483181053845835,0.11888981605930136,0.44764983229954336,14.305035770328166,0.26156118826349667,13.231695785713377,1.3538081920620328
CT,May,0.039868768991852786,7.510274307288926e-16,0.15604959196569643,0.15604959196569643,0.24786218371440483,18.461822127796744,0.970152668628003,13.880388325402173,0.039868768991852786,0.7996237439086074,14.305035770328166,0.26156118826349667,19.032146294344148,1.6261130939651818
CT,Jun,0.08780073630581257,7.839329856245481e-16,0.15557062788674794,0.15557062788674794,0.41699076345656777,22.63113825593435,0.7388493265929255,10.571032682490195,0.08780073630581259,0.5755712481669267,14.305035770328166,0.26156118826349667,23.887130929450148,1.2422287576804978
CT,Jul,0.221918276151583,-9.97479595549076e-16,0.1522796111386366,0.1522796111386366,1.1493925032010843,23.817804940494497,0.7887094585827187,11.284402872929274,0.221918276151583,0.15264856267383775,14.305035770328166,0.26156118826349667,26.992353818932454,1.3547170342702124
CT,Aug,0.49447906970328814,2.7004438463606504e-15,0.13574459964332325,0.13574459964332325,2.1390751097236955,19.08220117241031,0.5872197877873291,8.401604149968852,0.49447906970328814,0.0007504863865313624,14.305035770328166,0.26156118826349667,26.155741952194443,1.1314918300180559
CT,Sep,0.5069750831353416,2.187527812564473e-15,0.13461564663523434,0.13461564663523434,2.2321071258500353,14.941888184188167,0.5926850334480875,8.479797752396733,0.5069750831353416,0.0005216094969203122,14.305035770328166,0.26156118826349667,22.194184883104324,1.151600170481937
CT,Oct,0.2608430914423775,2.1025072410647757e-15,0.15076721530524184,0.15076721530524184,1.3843719319162482,12.306266468336165,0.8001664907727033,11.4483235227364,0.26084309144237755,0.09113364363511246,14.305035770328166,0.26156118826349667,16.037636221862357,1.388183085503098
CT,Nov,0.18727427004343794,1.2815003984061905e-15,0.15341068330049348,0.15341068330049348,1.2258051161020163,7.4075712170437855,1.004150759262513,14.36681351969308,0.187274270043438,0.22915940707528124,14.305035770328166,0.26156118826349667,10.086536348877262,1.712050687330133
CT,Dec,0.227434273112753,1.3600228211063982e-15,0.15208098383504734,0.15208098383504734,2.0453717795293764,1.034541958039466,1.3677013067641601,19.56828637898216,0.22743427311275308,0.1424470311396583,14.305035770328166,0.26156118826349667,4.287997370315983,2.3522834345600123
NJ,Jan,0.2745931936724312,1.5438718986266673e-15,0.15017051917401925,0.15017051917401925,2.457098587402121,-0.41736313510024736,1.3437469647266471,19.225561382894274,0.2745931936724313,0.07474942091027097,14.305035770328166,0.26156118826349667,3.5107023226725302,2.340486366782012
NJ,Feb,0.17348976335698071,5.838721945632364e-16,0.15380549183083592,0.15380549183083592,1.5521038280931567,2.6628790513854645,1.3760010275717844,19.687034027190116,0.17348976335698074,0.26588538851620136,14.305035770328166,0.26156118826349667,5.1446563219928425,2.340023490314093
NJ,Mar,0.2504055025320905,7.377593591044454e-16,0.1511982291402985,0.1511982291402985,1.9594080247635102,5.962813908085437,1.183117066165773,16.927360861683507,0.25040550253209054,0.1053283636390744,14.305035770328166,0.26156118826349667,9.544873578893991,2.0467005959044173
NJ,Apr,0.2571520075976673,1.963736330880257e-15,0.15092178922585658,0.15092178922585658,1.3442154109229167,11.923389310768567,0.7889162399185443,11.287361381762489,0.2571520075976674,0.09597339947863283,14.305035770328166,0.26156118826349667,15.601957977864897,1.3672636019750521
NJ,May,0.10167678197069988,3.2464087166372817e-15,0.15536438930337854,0.15536438930337854,0.5959075466719826,19.669213246579883,0.9105600145434054,13.027770787169384,0.1016767819706999,0.5164824879130827,14.305035770328166,0.26156118826349667,21.123703249682602,1.5329584884740428
NJ,Jun,0.1921368341028073,1.861498378542036e-15,0.1532639550786963,0.1532639550786963,0.8400608756860711,23.12535031950609,0.6701008316064427,9.587418620438642,0.19213683410280735,0.2170767651758039,14.305035770328166,0.26156118826349667,25.87387460414436,1.1435981126895851
NJ,Jul,0.35593583728038997,8.134709212564216e-15,0.14594600402617233,0.14594600402617233,1.6766037159431877,23.487934992221085,0.6874655121748292,9.835862517188042,0.35593583728038997,0.019152726608016108,14.305035770328166,0.26156118826349667,28.57960987645877,1.2320604284744636
NJ,Aug,0.4636232000917061,4.0110117030537604e-15,0.13837502315303535,0.13837502315303535,2.083834374478735,20.956184271386814,0.6219503893647886,8.898509690982014,0.4636232000917061,0.0017410231702156512,14.305035770328166,0.26156118826349667,27.588330732652683,1.1756318385817743
NJ,Sep,0.5419298890779164,3.7699761587309094e-15,0.13125213079097292,0.13125213079097292,2.444616531588856,16.18969534382473,0.5920712904095664,8.471016668777457,0.5419298890779164,0.00017446443977175218,14.305035770328166,0.26156118826349667,23.9420217920943,1.1798884278904136
NJ,Oct,0.29133822356097094,-6.724174894681885e-16,0.14939896165541294,0.14939896165541294,1.5996607404603542,13.734857866995462,0.820309984404401,11.736525084077915,0.291338223560971,0.058028152646827064,14.305035770328166,0.26156118826349667,17.902461576299014,1.4361629551355832
NJ,Nov,0.19024536251476215,4.486553833281106e-16,0.15332149404959713,0.15332149404959713,1.2985991637355623,9.223620486377424,1.0465598810065309,14.973578926192147,0.19024536251476215,0.22172318608576008,14.305035770328166,0.26156118826349667,11.945087202290146,1.7853951121583866
NJ,Dec,0.22214610126347822,1.0943005496836224e-15,0.15227150892910737,0.15227150892910737,2.1136900885119876,3.1089318358213047,1.4488427992012354,20.729212345327312,0.22214610126347822,0.1522168954429303,14.305035770328166,0.26156118826349667,6.286739760634304,2.4887193069224636
SD,Jan,0.1281112803150068,6.227251799897784e-16,0.15488685877400724,0.15488685877400724,1.484058558894892,-4.338431182272521,1.7942305147424569,25.67082181522195,0.1281112803150068,0.41295264543075694,14.305035770328166,0.26156118826349667,-2.5057947347838097,3.029960509041064
SD,Feb,-0.08619606756829683,-3.7583995738568184e-16,0.15559251329532262,0.15559251329532262,-1.2414655339601721,0.5761854060221985,2.2409693162084423,32.062504531656664,-0.08619606756829686,0.5825975505613843,14.305035770328166,0.26156118826349667,-0.6568524238039111,3.767215946290242
SD,Mar,0.11871129738319963,7.345655133683137e-16,0.15506942802858378,0.15506942802858378,1.4992894871464963,4.377841020087392,1.958482203008752,28.020840827655636,0.11871129738319966,0.44833688820373174,14.305035770328166,0.26156118826349667,6.076010375496128,3.303442456223254
SD,Apr,-0.08201444877962248,-2.561881551640849e-17,0.15564763442541824,0.15564763442541824,-0.8022098211486783,14.53554090686348,1.5224397997253039,21.7821960456181,-0.08201444877962251,0.6010860312879444,14.305035770328166,0.26156118826349667,13.362321283387233,2.5584144888922253
SD,May,-0.19928339466943545,2.1484094747224056e-16,0.1530412130535532,0.1530412130535532,-1.4567197882210514,22.491334513029088,1.1186991461996474,16.005706184890204,-0.19928339466943554,0.20013144067952643,14.305035770328166,0.26156118826349667,19.64057842385039,1.9119573881510437
SD,Jun,0.3739819923699221,1.5482165473475938e-15,0.1448411635823139,0.1448411635823139,3.041371417116618,20.093051121759522,1.1779063803302814,16.852809355330823,0.37398199236992213,0.013493245218746468,14.305035770328166,0.26156118826349667,25.44287690006985,2.1271203909325895
SD,Jul,0.24311000034025415,1.1913082422919858e-15,0.15148835000965533,0.15148835000965533,1.810719726591703,25.62904887664487,1.1283079401398537,16.143183301164548,0.24311000034025415,0.11621194536221302,14.305035770328166,0.26156118826349667,29.106746127636697,1.948146940218891
SD,Aug,0.06897292250238274,-4.169578113438235e-15,0.15580183911697326,0.15580183911697326,0.41446739378791553,26.96002080372647,0.9362338126812768,13.395096775609547,0.06897292250238275,0.6603121790829524,14.305035770328166,0.26156118826349667,27.946680927307128,1.571755698939634
SD,Sep,0.4803132326896482,2.571618859349544e-15,0.136979542580067,0.136979542580067,3.416800741462709,16.060566011716304,0.9744303733459949,13.941591272677577,0.4803132326896482,0.0011151938680247088,14.305035770328166,0.26156118826349667,22.931463986303676,1.8606659179303593
SD,Oct,-0.05463850973001841,6.277170107052133e-16,0.1559404696651181,0.1559404696651181,-0.4286898417109129,14.997058613060807,1.223497778167574,17.50510494420393,-0.05463850973001842,0.7278468879646198,14.305035770328166,0.26156118826349667,14.21545277693547,2.052190386385908
SD,Nov,0.3979516915940168,1.9660131203486544e-15,0.14327480427634814,0.14327480427634814,4.922645067520331,-0.3621218618980544,1.7723030796673465,25.357096642200464,0.3979516915940168,0.008222530817818298,14.305035770328166,0.26156118826349667,5.330591321216958,3.235500490279653
SD,Dec,0.16101581460862124,7.057323952738504e-16,0.15413597951681446,0.15413597951681446,2.0947828420371972,-3.9805901166219955,2.0052775934913156,28.69036245321112,0.16101581460862127,0.3023119739743396,14.305035770328166,0.26156118826349667,-1.67725312905714,3.4028576053168447
AK,Jan,0.11881952156140836,1.2187172566797343e-16,0.15506740637352723,0.15506740637352723,1.7350655860467938,-17.874910082443627,2.264376398596999,32.39739965035724,0.11881952156140836,0.44792030241899305,14.305035770328166,0.26156118826349667,-16.1751925762944,3.819455005690737
AK,Feb,0.27718618343715107,8.641571781748032e-16,0.15005428446281519,0.15005428446281519,3.6163542036423824,-17.813162260095314,1.9577073996355643,28.00975538508206,0.2771861834371511,0.07193723713658556,14.305035770328166,0.26156118826349667,-13.848003990986124,3.4125001865429008
AK,Mar,0.12828709689490728,6.287188163471808e-16,0.15488330940092399,0.15488330940092399,1.3239752325851173,-11.810442495136066,1.59845900757757,22.86983530003684,0.1282870968949073,0.41230639112902556,14.305035770328166,0.26156118826349667,-9.975290985182863,2.6994182848341475
AK,Apr,0.49375254450092304,2.3820213278531436e-15,0.1358090863010407,0.1358090863010407,4.486017349339111,-9.236532125410953,1.2339013218861947,17.653952884785255,0.49375254450092304,0.0007662055673227125,14.305035770328166,0.26156118826349667,-2.1733843146346983,2.376429329898078
AK,May,0.5601963779012744,3.1706910451275423e-15,0.1293680718127302,0.1293680718127302,4.206920231066871,-1.6475908622059716,0.9715185246324464,13.899930210253212,0.5601963779012744,9.36805114308944e-05,14.305035770328166,0.26156118826349667,6.366038362080033,1.9642523550223967
AK,Jun,0.4433645817342349,-1.609899667296872e-15,0.13998500334867112,0.13998500334867112,1.9662955750492985,6.858298290637995,0.6208251718734424,8.882410724050853,0.4433645817342351,0.0029040072375254807,14.305035770328166,0.26156118826349667,13.20064449164281,1.1600083278538469
AK,Jul,0.1868324918964278,1.0081845401596585e-17,0.1534238207704374,0.1534238207704374,0.837139593233704,12.406950587121743,0.6874454952050036,9.835576125856798,0.1868324918964278,0.23027953551600336,14.305035770328166,0.26156118826349667,15.07959606675969,1.1719761617803182
AK,Aug,0.2563922548596297,6.898488031032344e-16,0.1509533130577856,0.1509533130577856,1.2686556714449637,8.973636711672155,0.7469327684606307,10.686685935589257,0.2563922548596297,0.09699372413677884,14.305035770328166,0.26156118826349667,12.641337088674254,1.2942320941092418
AK,Sep,0.4278881135500697,7.5180035728994295e-16,0.14115479846198278,0.14115479846198278,2.8183065661413065,1.1342275410811054,0.9297231747037252,13.301946299095032,0.42788811355006984,0.004206609486993924,14.305035770328166,0.26156118826349667,7.255182311113093,1.72278591292178
AK,Oct,0.6678970938227522,3.3523981717452993e-15,0.11623288985681449,0.11623288985681449,6.430349676342546,-11.58981846414353,1.1190618024600614,16.010894862802417,0.6678970938227524,9.93051689523334e-07,14.305035770328166,0.26156118826349667,-2.035526646110833,2.5182470740624323
AK,Nov,0.37552804571956694,1.818868744443943e-15,0.14474356524540996,0.14474356524540996,4.075707464677238,-16.568483464785327,1.570941068341026,22.476124397753576,0.3755280457195671,0.013082765890861377,14.305035770328166,0.26156118826349667,-11.196541338005492,2.838794331413195
AK,Dec,0.14952830851135113,1.0943126197420418e-15,0.1544179697739724,0.1544179697739724,1.6540081520639573,-16.572042192916662,1.7080951652170087,24.438446603959292,0.14952830851135115,0.3385549354313724,14.305035770328166,0.26156118826349667,-14.433034390985117,2.8932604264597646
HI,Jan,0.6336113613900495,9.46850238685005e-15,0.12082406507159724,0.12082406507159724,1.3598602308181387,12.3014668847489,0.25931328102480633,3.710105795666891,0.6336113613900495,5.098667678320781e-06,14.305035770328166,0.26156118826349667,21.365300073919883,0.5613640782336058
HI,Feb,0.3190991277970483,3.2152916133519046e-15,0.1480092075777195,0.1480092075777195,0.763933730326049,16.548319313777018,0.35433887534585634,5.069677533889942,0.31909912779704835,0.03700705122763046,14.305035770328166,0.26156118826349667,21.11304375119431,0.6261860245062548
HI,Mar,0.16999201986255003,-8.58604858819804e-17,0.15390072133961843,0.15390072133961843,0.42889235967600997,18.76702597859756,0.388293777464142,5.555484811644846,0.16999201986255005,0.27579212047075136,14.305035770328166,0.26156118826349667,21.198767903401674,0.6599227147527191
HI,Apr,0.5466065208605062,3.4473631188271018e-15,0.13077828112298412,0.13077828112298412,1.3744287102904624,13.875463122555319,0.3288387851189531,4.704836858676659,0.5466065208605063,0.00014929566996115543,14.305035770328166,0.26156118826349667,21.69468895575949,0.6576892022456902
HI,May,0.4993460631979391,5.69777972484458e-15,0.13530935730704957,0.13530935730704957,1.3233792768912682,15.335503471092423,0.35860020259866254,5.130646161780456,0.4993460631979393,0.0006524087357216731,14.305035770328166,0.26156118826349667,22.47866676691149,0.6931959250267615
HI,Jun,0.4837122378481895,-3.3817239169509324e-15,0.13668750821257708,0.13668750821257708,0.9736925554265995,16.632270222578597,0.2751462517435182,3.9366348658092636,0.4837122378481895,0.0010156581177189203,14.305035770328166,0.26156118826349667,23.551791087542433,0.5265117602433536
HI,Jul,0.6569920429651308,-4.828227082896395e-15,0.11773901020441237,0.11773901020441237,1.2565525945325209,14.70649494311008,0.2251857694993383,3.221828921447652,0.6569920429651309,1.7088270979185704e-06,14.305035770328166,0.26156118826349667,24.104789618547255,0.5002577934706425
HI,Aug,0.5119790474090262,-1.4293535382070564e-15,0.13415293920710794,0.13415293920710794,0.9695611897471546,17.11236784243848,0.25405235625161665,3.6348354993888097,0.5119790474090262,0.0004491228920291885,14.305035770328166,0.26156118826349667,24.43624642928314,0.4953319440860468
HI,Sep,0.5681568111699555,6.699009953525737e-15,0.12851856067160936,0.12851856067160936,1.1152032901885582,16.120149148324106,0.2522619088489697,3.609218804173104,0.5681568111699555,7.062280227256236e-05,14.305035770328166,0.26156118826349667,24.247652655265906,0.5134038561227854
HI,Oct,0.5370197532552846,2.0543569660676257e-15,0.13174344845224226,0.13174344845224226,1.0088954703302595,16.15074776879126,0.24750554813571427,3.54116752126622,0.5370197532552847,0.00020496616909774503,14.305035770328166,0.26156118826349667,23.83283454848091,0.49139328014214945
HI,Nov,0.49820650786660003,1.5322923714883303e-15,0.13541177269129592,0.13541177269129592,0.9624898820921759,15.82011014707881,0.2616032891453835,3.742869919304141,0.49820650786660015,0.0006742821973232559,14.305035770328166,0.26156118826349667,22.946972063120803,0.5053125426435237
HI,Dec,0.47284719826827365,-8.82073023319404e-16,0.1376116422231856,0.1376116422231856,1.0084639713369503,15.164304053481805,0.2934909707128209,4.19910059027549,0.47284719826827376,0.001364863907140448,14.305035770328166,0.26156118826349667,21.928400138608914,0.5578441315288554
